Epoch,Layer0_theta_1,Layer0_r,Layer0_theta_2,Layer0_bx,Layer0_bp,Layer0_kappa,Layer1_theta_1,Layer1_r,Layer1_theta_2,Layer1_bx,Layer1_bp,Layer1_kappa,Layer2_theta_1,Layer2_r,Layer2_theta_2,Layer2_bx,Layer2_bp,Layer2_kappa,Layer3_theta_1,Layer3_r,Layer3_theta_2,Layer3_bx,Layer3_bp,Layer3_kappa,Layer4_theta_1,Layer4_r,Layer4_theta_2,Layer4_bx,Layer4_bp,Layer4_kappa,Layer5_theta_1,Layer5_r,Layer5_theta_2,Layer5_bx,Layer5_bp,Layer5_kappa
1,-0.015099861,0.037628956,-0.0126089845,-0.029731322,0.023894921,0.013132075,-0.00786309,0.036050912,-0.006362348,-0.005003554,-0.007921398,0.007887149,-0.0037599863,0.031153183,-0.0024303228,0.0069544604,-0.014163914,0.0059221354,-0.00066945254,0.027966589,0.00083748193,0.014021441,-0.015905265,0.004736002,0.0024090412,0.027251763,0.004289038,0.019157752,-0.015385745,0.0037830446,0.0067509566,0.032038976,0.0090448875,0.023390252,-0.010769751,0.00264344
2,-0.041806377,0.063005514,-0.03230197,-0.07413307,0.056220867,0.018611692,-0.027899101,0.064706944,-0.022329165,-0.025741978,-0.015885418,0.00775509,-0.01885287,0.055388395,-0.015083491,-0.00012232456,-0.03999228,0.0019283777,-0.012059577,0.0481539,-0.008760419,0.01574421,-0.051133525,-0.0013784403,-0.00610044,0.04637186,-0.0025007515,0.027540015,-0.055457257,-0.0042998446,-0.00026534335,0.056352627,0.003824222,0.037577104,-0.050327186,-0.0075639794
3,-0.0686247,0.06493707,-0.05364462,-0.11022019,0.06544677,0.016944295,-0.051385745,0.07401416,-0.041466743,-0.043055862,-0.034166157,0.005483315,-0.038936526,0.06327263,-0.031687915,-0.006838717,-0.07068254,-0.0037296442,-0.029546972,0.053650234,-0.023135366,0.014981597,-0.088859126,-0.009313697,-0.022081956,0.05162958,-0.015295434,0.030806096,-0.09741914,-0.014160455,-0.016832877,0.066351235,-0.009549795,0.0442146,-0.09503515,-0.019770376
4,-0.07177967,0.07863922,-0.05482966,-0.11557931,0.06099513,0.010570156,-0.053897068,0.08153677,-0.040820025,-0.038846802,-0.04005753,0.0028098752,-0.039078422,0.07066857,-0.027777774,-0.00039531267,-0.07534258,-0.0076411082,-0.02674114,0.060118504,-0.015734265,0.021669505,-0.091657266,-0.014523771,-0.01626952,0.05669658,-0.0038070662,0.03730949,-0.09837316,-0.02001308,-0.008452997,0.07140413,0.005791273,0.050442528,-0.09601157,-0.025780754
5,-0.085185066,0.07544188,-0.06677024,-0.11477722,0.059324387,0.020788023,-0.066342875,0.089046165,-0.047949873,-0.033172034,-0.04039488,0.009856421,-0.046416882,0.0827544,-0.028929878,0.004853308,-0.07392514,-0.0062071895,-0.028067408,0.07047961,-0.010990518,0.025438659,-0.08880398,-0.017603531,-0.011112034,0.06355587,0.007711471,0.039573148,-0.09548529,-0.026162129,0.003102879,0.0772356,0.02355794,0.051266585,-0.09634819,-0.0327909
6,-0.088019595,0.07119283,-0.06957114,-0.11869736,0.047752704,0.019845366,-0.07201995,0.08218148,-0.049533512,-0.025727877,-0.049773388,0.009964446,-0.050161224,0.07951667,-0.026215537,0.011949378,-0.07957048,-0.009253802,-0.027798928,0.066721134,-0.0034616329,0.029686855,-0.09121733,-0.023753028,-0.0056044515,0.05686569,0.021081718,0.04113647,-0.09677654,-0.034076374,0.014210078,0.07033802,0.041739184,0.050549068,-0.09959004,-0.039822992
7,-0.09177158,0.076623395,-0.07287548,-0.12711436,0.04143765,0.020485012,-0.077104025,0.08214402,-0.052474596,-0.024322176,-0.056451026,0.011661264,-0.054316808,0.0780263,-0.027543014,0.012771729,-0.085334465,-0.007901627,-0.030394712,0.06357337,-0.0025723511,0.027395155,-0.09647789,-0.022828547,-0.0044125365,0.051592644,0.02647828,0.03607726,-0.10232159,-0.03305801,0.023434034,0.06541277,0.05529096,0.043400902,-0.10275454,-0.037211973
8,-0.089194566,0.0976252,-0.068799056,-0.12974963,0.03214933,0.017154142,-0.07426951,0.091891,-0.04762725,-0.01791539,-0.06438651,0.01018969,-0.05065222,0.08359804,-0.02227396,0.018027375,-0.09089809,-0.0075356993,-0.027182361,0.06696759,0.0029685316,0.028882427,-0.1003097,-0.020661434,-0.0005050907,0.051331967,0.033699647,0.034147236,-0.1069344,-0.028745305,0.031400636,0.06212012,0.06662576,0.03868993,-0.107649736,-0.02926274
9,-0.09396388,0.087345734,-0.0732949,-0.13719493,0.020100925,0.018154228,-0.08123866,0.08870242,-0.051260512,-0.013425193,-0.07702807,0.010165206,-0.056921605,0.08137446,-0.024984915,0.022623552,-0.10273969,-0.0074534034,-0.033745382,0.063909404,-5.185022e-06,0.030318951,-0.11103733,-0.019338148,-0.0069461926,0.045830816,0.030471364,0.032527294,-0.118049435,-0.024790192,0.02855129,0.054852087,0.06649671,0.03474248,-0.11767244,-0.020599581
10,-0.09618266,0.081167564,-0.074644186,-0.13869381,0.009027984,0.021125453,-0.08353852,0.092747234,-0.049568616,-0.0073884483,-0.08631194,0.010405714,-0.05623737,0.086567186,-0.020913936,0.027435305,-0.110923745,-0.008344511,-0.031332776,0.06722993,0.005513316,0.03176827,-0.11909244,-0.019958962,-0.002514725,0.045602493,0.03766605,0.030812018,-0.12897688,-0.023546997,0.036064994,0.05224549,0.076361634,0.030401878,-0.12997137,-0.015986016
11,-0.09512988,0.077689804,-0.07262122,-0.14113483,-0.00059057376,0.023719281,-0.08108618,0.09989437,-0.04384775,-0.0032493202,-0.095361084,0.010026969,-0.04997774,0.09273723,-0.012707014,0.030233476,-0.11998307,-0.009039467,-0.022965733,0.07174996,0.015831225,0.031222422,-0.12903833,-0.019821426,0.008145218,0.048121087,0.050426662,0.027197147,-0.14205539,-0.021944674,0.049206592,0.052766737,0.09138855,0.024402304,-0.14036775,-0.013691801
12,-0.09396692,0.074233904,-0.07063544,-0.15192682,-0.015127704,0.022003861,-0.080186516,0.102955446,-0.040057406,0.0010576667,-0.11210245,0.0062871706,-0.04752592,0.09491784,-0.008173722,0.03570287,-0.13690452,-0.0118185645,-0.021323495,0.07327604,0.01927918,0.034252163,-0.14509985,-0.019794805,0.008331826,0.048792753,0.05203352,0.02760404,-0.15873617,-0.017735818,0.049378805,0.051042527,0.09274753,0.022932354,-0.15665309,-0.0045431675
13,-0.096485935,0.06412881,-0.07273114,-0.16154666,-0.02148258,0.026623849,-0.08160689,0.109321125,-0.03762881,0.004302695,-0.12148893,0.004199329,-0.0453765,0.10007534,-0.003791087,0.04137797,-0.14754765,-0.016127212,-0.019037759,0.074739054,0.022667728,0.039151676,-0.15476085,-0.022812577,0.008309417,0.049148552,0.052305337,0.030818174,-0.16959871,-0.017339854,0.046737257,0.050639383,0.09010339,0.024783717,-0.17282952,0.0016285547
14,-0.099596605,0.05805796,-0.07624091,-0.17722884,-0.024183286,0.032372225,-0.08337661,0.115380816,-0.038733743,0.0007270238,-0.12837052,0.0047894414,-0.0444834,0.10248933,-0.0038666362,0.040864218,-0.15636313,-0.01616958,-0.017602347,0.07586333,0.023049753,0.03889554,-0.16123244,-0.021183489,0.0098152915,0.05233051,0.053408984,0.030080244,-0.17374225,-0.014554959,0.048422027,0.05427385,0.09166738,0.023876894,-0.17504755,0.0049385694
15,-0.096865796,0.05415402,-0.074196056,-0.19266176,-0.028124096,0.032352004,-0.079116374,0.1168834,-0.035400465,-0.0025471086,-0.13645,0.0019527427,-0.0385022,0.099220924,8.985214e-05,0.039755967,-0.16460551,-0.017585354,-0.011247783,0.07437726,0.02772434,0.037390348,-0.16639574,-0.019704383,0.016613303,0.055611316,0.059701946,0.027951412,-0.17575109,-0.012610057,0.055401374,0.059040956,0.09858133,0.021737283,-0.17201163,0.0050504324
16,-0.09303654,0.058536105,-0.070194505,-0.19772168,-0.026378963,0.032666374,-0.07283785,0.12710887,-0.028815318,-0.00022651436,-0.1357091,-0.0014304738,-0.030886943,0.103488594,0.0066200458,0.044438224,-0.16310653,-0.02080756,-0.005345209,0.07655909,0.03216338,0.042641852,-0.16161028,-0.02041328,0.01857528,0.0596062,0.060581215,0.03281303,-0.17076832,-0.011961375,0.05253985,0.0630436,0.09478375,0.026297877,-0.17614385,0.008177333
17,-0.09261783,0.053031437,-0.070241146,-0.20991571,-0.021971926,0.0328232,-0.07057227,0.12879103,-0.027130954,-0.0018534241,-0.13857973,-0.00440061,-0.027972953,0.09959455,0.007521848,0.046121165,-0.16630344,-0.02212143,-0.004173556,0.07388336,0.031133162,0.044832695,-0.16120476,-0.018563015,0.017154247,0.06088985,0.05789926,0.034892846,-0.16769244,-0.009923141,0.048974566,0.06458845,0.09038001,0.028731383,-0.1760153,0.010636682
18,-0.093851425,0.04714419,-0.07215412,-0.222183,-0.016667582,0.035537895,-0.069657564,0.13095297,-0.028071929,-0.006073424,-0.14173916,-0.003735252,-0.026751518,0.09663119,0.0059026442,0.044723127,-0.17002869,-0.019330326,-0.0037060317,0.07390676,0.029240396,0.043856137,-0.16107367,-0.013339098,0.017319541,0.06492249,0.057085786,0.034042004,-0.16338022,-0.006119246,0.04930238,0.06834719,0.09029663,0.028539717,-0.16976465,0.011660975
19,-0.09055756,0.04926754,-0.0692555,-0.22695228,-0.012284431,0.038077112,-0.063985944,0.1385869,-0.02432623,-0.0064846505,-0.14156727,-0.0018900151,-0.021310281,0.09889304,0.0090097785,0.04558047,-0.16842157,-0.015293288,0.00075579097,0.077447854,0.032190084,0.044597775,-0.15534718,-0.007850703,0.021008682,0.06991644,0.060350187,0.034604944,-0.154435,-0.003004186,0.051782507,0.071428165,0.09255607,0.029402394,-0.16170603,0.0114426715
20,-0.089801535,0.035418894,-0.06885718,-0.24173972,-0.007515664,0.034614477,-0.061365817,0.13599734,-0.0213001,-0.0075898003,-0.1497326,-0.008902737,-0.017253155,0.092289224,0.011857238,0.046891473,-0.17563805,-0.020768244,0.0040726624,0.07423527,0.034398966,0.0455901,-0.15888101,-0.012316811,0.022852981,0.06882551,0.06150469,0.035952903,-0.15542376,-0.0085946545,0.05101444,0.06950304,0.090880394,0.03146058,-0.16671415,0.007445981
21,-0.08955828,0.036492966,-0.068526395,-0.24571063,-0.0009135615,0.036203988,-0.058583565,0.14606103,-0.018751772,-0.005975698,-0.1496933,-0.009343608,-0.014097065,0.09777279,0.01408124,0.050523315,-0.17379756,-0.020429162,0.0058499444,0.07972236,0.035320673,0.04979017,-0.15336078,-0.0112022385,0.022300603,0.073540434,0.060252815,0.040517874,-0.1493701,-0.008106462,0.047460396,0.0714753,0.08652442,0.036282692,-0.17019266,0.009445894
22,-0.087294124,0.03374314,-0.06669349,-0.2568174,-0.0005411015,0.037047915,-0.055109423,0.14514625,-0.018163871,-0.008020097,-0.15861902,-0.006202587,-0.012126309,0.0957853,0.013565484,0.04916855,-0.18093804,-0.014048249,0.007289223,0.08205873,0.035525627,0.047820568,-0.15640713,-0.003943678,0.024410324,0.07743362,0.06227179,0.03856839,-0.14862493,-0.0038809073,0.05016317,0.073320225,0.08929961,0.034883935,-0.16606444,0.008591201
23,-0.08674902,0.032289933,-0.0658595,-0.2623342,0.0072495257,0.03833499,-0.052105624,0.15144274,-0.014440229,-0.006851049,-0.15844367,-0.008023746,-0.00790578,0.09662478,0.017278962,0.052813638,-0.17966165,-0.015926208,0.010236958,0.08172595,0.037781496,0.051837683,-0.15292144,-0.0058919834,0.024647608,0.0757346,0.061775126,0.04269896,-0.14598192,-0.0074666007,0.046949178,0.0697431,0.085215665,0.03917198,-0.17067637,0.0056990297
24,-0.08567793,0.028501337,-0.0647842,-0.27311552,0.013093996,0.038387347,-0.049042705,0.15164827,-0.012602942,-0.009273512,-0.16310531,-0.008688436,-0.0046908977,0.09379768,0.01875382,0.052538134,-0.18374127,-0.015390658,0.0128794685,0.080704525,0.03910887,0.05166782,-0.15465154,-0.00520437,0.0263466,0.07523814,0.062683605,0.042694025,-0.146903,-0.008960059,0.04726559,0.068155244,0.08501711,0.03957964,-0.17123167,0.0018762778
25,-0.08332557,0.03131929,-0.0622126,-0.27934211,0.015490718,0.037661377,-0.045715053,0.15441167,-0.009925403,-0.008187939,-0.16751821,-0.008942971,-0.0021444405,0.09379244,0.020224871,0.055146284,-0.18681279,-0.014051992,0.013680708,0.081056245,0.03895598,0.054360162,-0.15565728,-0.0030126127,0.025010576,0.074980535,0.06063074,0.04534827,-0.14770868,-0.0076875538,0.044051036,0.06582887,0.08133439,0.042355526,-0.17442094,0.002558279
26,-0.08199632,0.029627178,-0.06091431,-0.28390622,0.02122532,0.03865023,-0.04201088,0.15828238,-0.007908518,-0.009911683,-0.16956405,-0.008235445,0.0013691201,0.09528237,0.021874823,0.05496582,-0.18796468,-0.01217025,0.016593654,0.083814345,0.04046083,0.054400176,-0.15487027,-0.0010030627,0.026982341,0.077679254,0.061665732,0.04551079,-0.14668651,-0.0073323073,0.04481162,0.06693062,0.08164826,0.042790517,-0.17334493,0.0005451388
27,-0.08245159,0.026236383,-0.061293807,-0.29252288,0.0250078,0.039370783,-0.041312896,0.16141509,-0.0075474596,-0.011439821,-0.17502674,-0.009047348,0.0022871678,0.09595283,0.021518473,0.055458874,-0.1927006,-0.012099871,0.01664187,0.08515151,0.039310925,0.05539795,-0.1579157,-0.00060896797,0.02563917,0.07838308,0.059275918,0.046917304,-0.14998715,-0.0072686286,0.042022843,0.06610053,0.07829296,0.044561345,-0.17750514,0.0005618494
28,-0.08145524,0.023991855,-0.06029308,-0.2950313,0.028863572,0.041788787,-0.038088653,0.16686726,-0.0055173766,-0.012866574,-0.17808586,-0.007901937,0.0058675935,0.09897589,0.023464754,0.055083323,-0.1953523,-0.010235694,0.020127112,0.08912867,0.04147671,0.055048484,-0.15945983,0.0010206194,0.028484898,0.08221114,0.061188716,0.046585772,-0.15198345,-0.00737436,0.04378357,0.06814354,0.079673424,0.044428125,-0.17811812,-0.0022914323
29,-0.079297386,0.021882702,-0.058046076,-0.30304,0.030947207,0.039000638,-0.034975935,0.16584611,-0.0038720076,-0.013705551,-0.18488143,-0.009181126,0.00798513,0.098149516,0.023893608,0.055360336,-0.20063211,-0.009317159,0.021072056,0.090503946,0.041180372,0.055421427,-0.16267303,0.0025472266,0.02815983,0.08359983,0.059913285,0.047279168,-0.15501828,-0.006387647,0.04217768,0.0680597,0.077609584,0.045488883,-0.1807531,-0.002393898
30,-0.08048843,0.025086477,-0.05893713,-0.30163994,0.03773959,0.03950481,-0.034179818,0.17273495,-0.0026137969,-0.012277985,-0.18059836,-0.010120521,0.009281437,0.102075204,0.02473334,0.058977857,-0.19460118,-0.009595565,0.020505928,0.092787735,0.03985687,0.059798446,-0.15523922,0.002911013,0.024862418,0.083917744,0.055623427,0.05190503,-0.14844868,-0.0058274865,0.03630108,0.066405356,0.071019955,0.05025119,-0.18036275,0.00018572749
31,-0.07882634,0.01952998,-0.05747687,-0.31118026,0.03331916,0.039979678,-0.033115204,0.16903938,-0.0034662033,-0.015445152,-0.1910015,-0.0083484175,0.009549976,0.09945666,0.023152983,0.055961214,-0.2040675,-0.0058689127,0.02116088,0.09346656,0.03960343,0.056414094,-0.16266344,0.005960868,0.026411746,0.085760556,0.056722246,0.048916053,-0.15531099,-0.0050782366,0.038217243,0.06742292,0.07276759,0.047879543,-0.18238279,-0.0026006089
32,-0.078781374,0.020380234,-0.05719159,-0.30951673,0.037923258,0.041793168,-0.031120755,0.17597952,-0.00016222164,-0.014823746,-0.1883227,-0.0102770915,0.013557464,0.10246748,0.026951805,0.05807083,-0.20098534,-0.008218192,0.024500811,0.094616346,0.04241193,0.058766384,-0.15944344,0.0031292327,0.027773032,0.08526538,0.05728661,0.051338483,-0.15401703,-0.008819632,0.036949333,0.06588231,0.070869535,0.050301343,-0.1842082,-0.005472855
33,-0.07794985,0.018912464,-0.05629994,-0.3124091,0.037385587,0.041134555,-0.02947035,0.17429027,-0.00012715103,-0.016895005,-0.19274497,-0.009988694,0.014831018,0.10162706,0.026530737,0.056594506,-0.20479035,-0.0061685536,0.025610378,0.09581551,0.04233649,0.057130184,-0.16225304,0.005255859,0.02879935,0.08726386,0.0575302,0.04984956,-0.15681306,-0.007984655,0.03775137,0.06737729,0.07138516,0.049217112,-0.1843628,-0.006742339
34,-0.078206345,0.021991586,-0.05618126,-0.3089365,0.038953792,0.040083867,-0.02866709,0.17744975,0.0018975177,-0.014532126,-0.1924294,-0.012150309,0.01660945,0.103211224,0.028022438,0.059915382,-0.20370413,-0.00735009,0.025932541,0.096449874,0.04186121,0.06066479,-0.16095643,0.004985587,0.02669959,0.08691548,0.054429587,0.053402,-0.15645675,-0.007828027,0.03327527,0.066043966,0.066300124,0.052818026,-0.18649825,-0.0048225806
35,-0.08110846,0.014533881,-0.05920924,-0.31488702,0.037643112,0.04041442,-0.03202214,0.17479417,-0.0017035932,-0.01701697,-0.1978198,-0.012413511,0.013558749,0.10146078,0.023908101,0.058620572,-0.20776367,-0.0063730534,0.022776356,0.096147515,0.03782523,0.059907004,-0.1632698,0.006327883,0.023457117,0.08675328,0.0504127,0.053343426,-0.15799606,-0.0060331477,0.029848885,0.06576603,0.0624736,0.053399287,-0.18710212,-0.0021914458
36,-0.0781365,0.02145108,-0.056075085,-0.3147426,0.033207472,0.03885752,-0.028739482,0.1744235,-1.4104648e-05,-0.017278781,-0.20103279,-0.011285938,0.01609714,0.10278096,0.025689993,0.057535954,-0.2096252,-0.0038548848,0.025671734,0.09931797,0.040690683,0.05846994,-0.16344155,0.008135607,0.026721861,0.09012492,0.053722426,0.052103933,-0.15804373,-0.006445048,0.032566242,0.068101324,0.06500401,0.052452695,-0.1860386,-0.004744033
37,-0.08047333,0.021865867,-0.058359686,-0.31068426,0.02999701,0.042192522,-0.030075891,0.18290731,-0.0008190234,-0.018249236,-0.20070995,-0.011361756,0.016774064,0.10986285,0.026618544,0.056296185,-0.20782715,-0.005253269,0.028065799,0.10662873,0.04318554,0.058136705,-0.1606053,0.0065516294,0.029612744,0.09549634,0.056526966,0.05253503,-0.15599984,-0.007917404,0.034438666,0.07282486,0.06648433,0.053065736,-0.18783054,-0.005183441
38,-0.08120586,0.014885915,-0.059039284,-0.31356403,0.028463038,0.03831146,-0.03018517,0.1802288,-0.0009824769,-0.018526763,-0.20680742,-0.01531393,0.017203057,0.110177524,0.02600581,0.05595575,-0.21219921,-0.007503244,0.028305903,0.109834686,0.04240465,0.05841902,-0.16324353,0.005851618,0.029134395,0.0983251,0.055213682,0.05358999,-0.1582817,-0.0073419274,0.032746986,0.07555457,0.0642703,0.054499257,-0.19179592,-0.003242245
39,-0.083150946,0.016397942,-0.06095647,-0.3080418,0.027024763,0.0397991,-0.031048689,0.18451422,-0.00198165,-0.0185061,-0.20710213,-0.015153694,0.017128458,0.11494036,0.025310706,0.05622299,-0.2110128,-0.00653043,0.028336529,0.115790814,0.04160689,0.05909545,-0.1609701,0.008208602,0.02865959,0.104042985,0.054166548,0.05444247,-0.15519355,-0.00450073,0.03170365,0.08004288,0.06292941,0.055548318,-0.18957305,-0.0002229358
40,-0.0828215,0.017271407,-0.060539376,-0.30826366,0.022153305,0.038198315,-0.03131508,0.18406826,-0.0016943796,-0.018383259,-0.21181422,-0.017478036,0.017447518,0.11509515,0.02530406,0.05588227,-0.21551393,-0.008084352,0.028680466,0.11730861,0.04151596,0.058829617,-0.16467845,0.0074602915,0.02858484,0.105784155,0.05374296,0.05445926,-0.15797493,-0.0046251565,0.031017363,0.081534855,0.062019438,0.055785548,-0.19119176,0.0005390209
41,-0.08188252,0.02069837,-0.059539795,-0.30624568,0.019589903,0.03958202,-0.0301878,0.1873665,-0.00054656714,-0.01792745,-0.21357378,-0.016845934,0.018945938,0.11780402,0.026713885,0.056147743,-0.21653168,-0.0072530136,0.030306818,0.120670296,0.043230575,0.0588637,-0.16483042,0.007758339,0.030102164,0.10872599,0.055289954,0.05457128,-0.15806246,-0.005285642,0.031936508,0.083031826,0.06286017,0.05594564,-0.19075063,-0.00032712414
42,-0.08189547,0.015893161,-0.059602115,-0.31177884,0.016356545,0.040719237,-0.030370839,0.18578981,-0.001560263,-0.020068968,-0.2203749,-0.016187415,0.018909559,0.117327526,0.025656927,0.05412338,-0.22251035,-0.0058316123,0.030724023,0.122442104,0.04339992,0.056716662,-0.16907103,0.007976534,0.031233868,0.110601574,0.056340918,0.05296654,-0.16190216,-0.006372858,0.03316329,0.08407683,0.06402126,0.05471096,-0.19246323,-0.0022243722
43,-0.08085704,0.018974511,-0.0585348,-0.3102839,0.0163478,0.03997627,-0.028824078,0.1861511,-0.0005213039,-0.019766167,-0.2200349,-0.016622994,0.020301737,0.1182783,0.026385287,0.055164233,-0.22096595,-0.0049249865,0.031153677,0.124202415,0.043525796,0.057555,-0.16616987,0.008826983,0.030884158,0.11210191,0.05577715,0.053950217,-0.15850246,-0.0061435923,0.031980883,0.08432039,0.06261435,0.05584822,-0.18942909,-0.0012073994
44,-0.08072262,0.019830301,-0.058264367,-0.31095573,0.019832145,0.039123584,-0.027587833,0.18840007,0.00055760593,-0.020449812,-0.21893479,-0.018514998,0.021906368,0.11990874,0.027459076,0.056041945,-0.21894059,-0.0061732153,0.031835277,0.12594856,0.043867458,0.058442816,-0.16319153,0.007300529,0.030589048,0.11306704,0.055054113,0.055090174,-0.15539505,-0.007477019,0.030553645,0.084209226,0.060879227,0.05712582,-0.1867397,-0.0006928294
45,-0.08057288,0.017699754,-0.058078256,-0.3147789,0.021061324,0.03784974,-0.027119681,0.18885344,0.00067485904,-0.021736018,-0.22158629,-0.020210326,0.02248328,0.12073998,0.027281595,0.05586057,-0.22019081,-0.0072319545,0.031830065,0.12767397,0.04333409,0.058617573,-0.16300261,0.006022585,0.029867364,0.11401472,0.05373314,0.05581995,-0.15522191,-0.008228715,0.028881978,0.0843139,0.058876775,0.05814242,-0.18666863,-8.02697e-05
46,-0.080074236,0.015062988,-0.057722405,-0.31611973,0.019618005,0.039794777,-0.026273368,0.19002782,-0.00019117587,-0.02382752,-0.22468556,-0.017916663,0.02282356,0.12323054,0.026594799,0.0540346,-0.22136587,-0.004634759,0.032555062,0.13210396,0.043700445,0.056926273,-0.16228332,0.007587674,0.031127607,0.11810256,0.054833315,0.054546632,-0.15437548,-0.007682673,0.03026076,0.087200604,0.060253177,0.057145126,-0.18461804,-0.0007652547
47,-0.079449125,0.011346571,-0.057172433,-0.31509244,0.0140664205,0.04074433,-0.026992451,0.1882267,-0.00032841106,-0.021542855,-0.23014152,-0.016348775,0.021827077,0.12249729,0.02543942,0.055196546,-0.2250989,-0.0016728374,0.031090932,0.1333612,0.04238982,0.057858612,-0.16373391,0.01027771,0.029577231,0.11916413,0.053349886,0.055811264,-0.15527403,-0.0057754107,0.028379442,0.0866097,0.058291968,0.0585591,-0.18555069,0.0011504337
48,-0.077712886,0.015655141,-0.05534172,-0.31253466,0.0145506095,0.040829614,-0.02450446,0.19286096,0.0029893778,-0.021225855,-0.22929953,-0.018877452,0.025607118,0.124713816,0.02923923,0.05614487,-0.22421102,-0.0040764296,0.034456596,0.13546936,0.045877337,0.058537144,-0.16219103,0.006979253,0.03205866,0.12004818,0.055584483,0.056785133,-0.15489121,-0.009668289,0.029094977,0.086653754,0.058637917,0.059527736,-0.18583865,-0.0012644687
49,-0.07631776,0.020222336,-0.053908773,-0.31334886,0.0132588595,0.037760142,-0.023608187,0.19301088,0.004862345,-0.019691909,-0.23055701,-0.02193245,0.026761986,0.12463507,0.030595597,0.057830244,-0.22494942,-0.0054587913,0.034628574,0.13603331,0.04668573,0.060065456,-0.16097736,0.0050039836,0.031540126,0.11949897,0.05507037,0.058905825,-0.15356284,-0.011485921,0.026982805,0.08530084,0.056083344,0.06179307,-0.18595666,-0.00021497016
50,-0.079561606,0.017580306,-0.057293143,-0.31033888,0.009244972,0.04179747,-0.026918547,0.19664691,0.0018763698,-0.02037227,-0.2294774,-0.020892272,0.024825994,0.12764505,0.028478589,0.058409538,-0.22217111,-0.0038694814,0.032798324,0.13958623,0.04503153,0.061067514,-0.1558692,0.0053078416,0.029802438,0.121097185,0.053069755,0.060932092,-0.14890173,-0.011946852,0.024025474,0.08615826,0.052527897,0.06425062,-0.18498185,0.0021467293
51,-0.08075301,0.015482492,-0.058591448,-0.3191648,0.007774043,0.04037225,-0.027755529,0.19153808,-0.0012369826,-0.024405701,-0.23296954,-0.021231474,0.023524305,0.12667385,0.025391113,0.056031737,-0.22515304,-0.0018851795,0.031264752,0.14115608,0.04322094,0.05870024,-0.1563348,0.0056900084,0.029041506,0.12261405,0.05219779,0.059464242,-0.14796647,-0.0127328,0.023306947,0.08765107,0.05156071,0.0634223,-0.18274559,0.0022616591
52,-0.07919216,0.018718665,-0.057230197,-0.32556167,0.0027969852,0.04041761,-0.026426855,0.18546143,-0.0027920997,-0.027650865,-0.23603977,-0.019015517,0.023776319,0.12508887,0.023782065,0.053997252,-0.22806716,0.0030518086,0.031197108,0.14243364,0.04325216,0.055816803,-0.15689644,0.008124608,0.03024942,0.12434074,0.053839903,0.057003286,-0.14730603,-0.013431875,0.025083892,0.08911026,0.05332821,0.06140811,-0.17974015,0.0008892858
53,-0.079426125,0.024282131,-0.05751314,-0.32003462,0.003807212,0.043350138,-0.02592436,0.18970348,-0.0005269722,-0.025645524,-0.23111251,-0.020211263,0.026040595,0.12621416,0.026349925,0.057515595,-0.22321634,0.0030956077,0.032149747,0.14253144,0.04492531,0.058686916,-0.15084705,0.007055384,0.030517604,0.12294365,0.05440595,0.060011752,-0.14217845,-0.015566387,0.02391835,0.08723651,0.051785607,0.064227,-0.17914431,0.0019668487
54,-0.07765375,0.021052128,-0.055748943,-0.32154894,0.0027327011,0.041694175,-0.023822274,0.18741107,0.0019119529,-0.025311192,-0.23467866,-0.023067623,0.02875643,0.12517872,0.028052848,0.05813955,-0.22648378,0.0024232916,0.03377481,0.14299066,0.046279162,0.059051916,-0.1522783,0.0059342873,0.031464703,0.12292135,0.05516518,0.060835842,-0.14381798,-0.017522227,0.023747716,0.08668729,0.05135232,0.065150484,-0.18135366,0.0011729584
55,-0.078049116,0.017476818,-0.05627188,-0.32249865,0.0044388976,0.04181882,-0.0228929,0.18818898,0.0017890773,-0.02844337,-0.23517372,-0.024800278,0.03029128,0.12778571,0.028384797,0.056604933,-0.22559133,0.0014930087,0.035122607,0.14666896,0.046731208,0.05785833,-0.14998889,0.0054963557,0.032334708,0.12637496,0.055625126,0.060057122,-0.1404825,-0.01769484,0.02420164,0.089735724,0.05166828,0.06465904,-0.17707857,0.0013238497
56,-0.07818707,0.016817082,-0.056519434,-0.3254881,0.0015755094,0.042149764,-0.023502707,0.1875739,0.00062281406,-0.029993704,-0.23758665,-0.02461349,0.029665805,0.12825243,0.027368149,0.05521929,-0.22738427,0.0019684667,0.034841795,0.14817761,0.046454668,0.05684972,-0.15065175,0.005686242,0.03238595,0.12766702,0.055769917,0.05947555,-0.14023826,-0.017586866,0.024284424,0.091046765,0.05171073,0.06426007,-0.1765343,0.0019033107
57,-0.07797384,0.021820866,-0.056437925,-0.32239097,-0.0051392857,0.04366952,-0.025494616,0.18760684,2.1242653e-05,-0.026736094,-0.23784752,-0.02312158,0.027618363,0.12727565,0.026181266,0.057628438,-0.22718336,0.004423699,0.03241527,0.14768572,0.045041513,0.05905362,-0.14908536,0.007837173,0.030245652,0.12665236,0.054199215,0.061759572,-0.13790591,-0.01557819,0.022082783,0.089315064,0.04942177,0.06643531,-0.17728998,0.0057699624
58,-0.07570829,0.024265185,-0.054104786,-0.32330915,-0.008684621,0.042427745,-0.02399616,0.18726115,0.0014372746,-0.025731113,-0.23990533,-0.023216574,0.028718714,0.12762909,0.027217017,0.057922427,-0.22895184,0.004903846,0.03325488,0.14911455,0.046243694,0.059293773,-0.14976919,0.0071746833,0.030997412,0.12719473,0.055062618,0.06236434,-0.13912286,-0.017273221,0.022079984,0.08904146,0.049339287,0.06706509,-0.17855746,0.004723568
59,-0.07777317,0.018790726,-0.05612993,-0.32690668,-0.0048075994,0.043141555,-0.0247294,0.19069521,0.00025849586,-0.028098077,-0.24136491,-0.02431124,0.028635312,0.13152456,0.026728079,0.057165153,-0.22848886,0.0032581373,0.03328929,0.15312566,0.045736536,0.059204757,-0.14838602,0.0052445363,0.030496325,0.12967755,0.05392299,0.0628994,-0.13808462,-0.018409463,0.020630857,0.09084321,0.0476611,0.0678314,-0.177527,0.0050730365
60,-0.0761668,0.020252988,-0.054427754,-0.324152,-0.0049285293,0.042530127,-0.022680491,0.19278215,0.0022460036,-0.027518708,-0.24096228,-0.025261478,0.030743407,0.13393621,0.028695827,0.057595577,-0.22770707,0.0027329936,0.035039682,0.15617684,0.04752288,0.05930625,-0.1467645,0.004204065,0.031859398,0.13195685,0.05526186,0.06307721,-0.13663147,-0.020079711,0.021209138,0.0920996,0.048199546,0.06797539,-0.17517416,0.003973404
61,-0.07330999,0.02703429,-0.051376086,-0.32601258,-0.014831602,0.04094052,-0.02267369,0.19057918,0.0033455964,-0.02375238,-0.24668482,-0.024364438,0.029957388,0.13154832,0.028726503,0.05876327,-0.23403285,0.0046284003,0.03425339,0.15567453,0.048323724,0.059857935,-0.15143391,0.0038482973,0.031874485,0.13077787,0.056102127,0.06382413,-0.140993,-0.022196217,0.02085677,0.08964637,0.047883146,0.06862758,-0.17909102,0.0031912527
62,-0.076628804,0.018700987,-0.054880396,-0.32455638,-0.013086968,0.044631444,-0.025129754,0.1958077,0.0010630665,-0.026080692,-0.24758555,-0.02410344,0.028850365,0.1372677,0.027616818,0.057606168,-0.23030399,0.003717807,0.03389796,0.16171932,0.047322873,0.05985076,-0.14612293,0.0044034165,0.030998552,0.13549748,0.05477772,0.06434643,-0.13473336,-0.020270417,0.019362483,0.09336816,0.046239108,0.06937573,-0.1731576,0.006082012
63,-0.07357666,0.01404621,-0.051869433,-0.32801715,-0.015432032,0.03973034,-0.022343334,0.19025202,0.0030682236,-0.025389943,-0.25389832,-0.026128393,0.03061384,0.13750203,0.028123878,0.056774713,-0.2350028,0.0040625934,0.034882315,0.16480444,0.047705047,0.05919433,-0.14863078,0.0055912253,0.03141182,0.13837592,0.055031355,0.0641088,-0.13622913,-0.019395562,0.019260557,0.09490165,0.04615907,0.069292255,-0.1732438,0.0064509977
64,-0.073537186,0.011436203,-0.05201029,-0.32694927,-0.016522331,0.042590775,-0.021946842,0.19237602,0.0034553667,-0.026842158,-0.25509688,-0.025919285,0.03191166,0.14085002,0.029388955,0.055852253,-0.23286597,0.0032795835,0.036765113,0.16895992,0.04909344,0.058794267,-0.1456197,0.006120012,0.032944866,0.14197282,0.056393698,0.06379343,-0.13268761,-0.018218173,0.020436412,0.09854887,0.047293793,0.06892339,-0.16999708,0.0077357087
65,-0.07225487,0.016276393,-0.050765295,-0.3302328,-0.022349373,0.041595485,-0.022589896,0.19021897,0.0038144463,-0.02502604,-0.25794268,-0.026547587,0.031240469,0.13903165,0.029116984,0.057252087,-0.23570514,0.0036320463,0.035757873,0.1677306,0.04861841,0.060138293,-0.1477309,0.0062503377,0.031958632,0.14035536,0.05552026,0.065357625,-0.13453953,-0.017740661,0.019005135,0.09716896,0.045667343,0.07041866,-0.17419738,0.0099473465
66,-0.07369142,0.020067856,-0.052104946,-0.32961214,-0.022106668,0.045456838,-0.02372473,0.19486664,0.0036657418,-0.024592077,-0.2555476,-0.025234202,0.031218655,0.1416118,0.029906936,0.058511186,-0.23270786,0.0039496953,0.03590515,0.16957349,0.04965403,0.061090417,-0.14460005,0.0049797515,0.03234934,0.14052883,0.056238476,0.06642666,-0.13245866,-0.019958641,0.018694364,0.09690154,0.04528443,0.07136716,-0.17294781,0.009254165
67,-0.071261406,0.024648042,-0.049483597,-0.33222923,-0.025498549,0.043211862,-0.022026453,0.19410002,0.0055823885,-0.022591844,-0.2582384,-0.025558852,0.03233224,0.1417084,0.03110883,0.058923185,-0.23644839,0.004299162,0.036718868,0.17086567,0.051277895,0.06101781,-0.14747219,0.003712108,0.03339414,0.14090866,0.057781994,0.06656195,-0.13557741,-0.022828715,0.019178946,0.096177295,0.045855545,0.07143029,-0.17488585,0.0069733267
68,-0.0727704,0.019271847,-0.050968528,-0.3329008,-0.021626495,0.04350861,-0.02241626,0.19664153,0.0057896064,-0.02263916,-0.25862107,-0.026862677,0.03272849,0.14494114,0.031500503,0.059134692,-0.23470111,0.002710404,0.036960106,0.17432173,0.051254105,0.061927907,-0.14470601,0.00297808,0.032910075,0.14288707,0.057056464,0.06790684,-0.13298418,-0.02292639,0.017786756,0.09722292,0.044330884,0.07279056,-0.17352566,0.008000908
69,-0.07198603,0.021315401,-0.050085165,-0.3330397,-0.025572255,0.043873597,-0.02285152,0.19663066,0.0069573596,-0.020194992,-0.26050657,-0.027574457,0.03286451,0.1435134,0.03209196,0.060931936,-0.23666647,0.0026979053,0.036610924,0.17324115,0.051650487,0.06350589,-0.1457376,0.001665425,0.032514274,0.14072473,0.056783713,0.06979066,-0.13474494,-0.02457733,0.01649833,0.09529802,0.04281534,0.074544,-0.17749852,0.008466364
70,-0.06952875,0.019701354,-0.047626033,-0.33245057,-0.026686095,0.04393118,-0.019394513,0.19500698,0.008690509,-0.021528583,-0.26273993,-0.027205694,0.035931963,0.1463351,0.03345222,0.059546266,-0.23826307,0.0047801333,0.03908205,0.17854036,0.053716984,0.061432894,-0.14595097,0.0018203962,0.035104934,0.14529073,0.059474375,0.06798849,-0.13537258,-0.0271125,0.018855363,0.0983601,0.045335606,0.07293951,-0.17394824,0.0045461403
71,-0.07095186,0.020499436,-0.04904412,-0.33339158,-0.031038204,0.04309938,-0.02178676,0.19394445,0.0065260953,-0.02130028,-0.26452404,-0.027609337,0.03378289,0.14805308,0.030844219,0.05984843,-0.23789522,0.0065378863,0.03647905,0.18108532,0.051242605,0.06215648,-0.1433371,0.0029833794,0.032436453,0.1463784,0.056752175,0.06942416,-0.13232961,-0.026567968,0.015531268,0.098876156,0.041729998,0.07467816,-0.17249839,0.0070948843
72,-0.07206122,0.016817536,-0.050390955,-0.33553937,-0.033968274,0.04336073,-0.023290979,0.190643,0.005361057,-0.022567073,-0.26710328,-0.028909665,0.033185836,0.14754145,0.029499145,0.058958508,-0.23947212,0.007159196,0.035681713,0.18195033,0.050476015,0.06144698,-0.14278889,0.0034805918,0.031838153,0.14683391,0.05627975,0.06918417,-0.13035657,-0.026383834,0.014720536,0.10033789,0.04074811,0.07460602,-0.1707814,0.008713939
73,-0.07015135,0.01657883,-0.04850578,-0.33343798,-0.033236593,0.042754218,-0.020643027,0.18729007,0.0078028156,-0.022182524,-0.2667412,-0.029971084,0.036078993,0.1479137,0.03098638,0.059914198,-0.238326,0.009289951,0.036928613,0.18413256,0.05172576,0.06134804,-0.13991927,0.003208121,0.032822512,0.14757043,0.057136193,0.06939847,-0.12824623,-0.028635632,0.014695129,0.100434944,0.040579926,0.07496186,-0.1664408,0.0072519146
74,-0.07503482,0.011900504,-0.053549882,-0.33962604,-0.030621495,0.046460673,-0.025039768,0.18706603,0.0038965978,-0.024178235,-0.26740357,-0.028804693,0.032948162,0.1477302,0.027896745,0.059793204,-0.23741297,0.010790627,0.034022786,0.18443926,0.049518198,0.06141505,-0.13722922,0.0030471403,0.030568881,0.14640863,0.05488968,0.07004862,-0.124696285,-0.028472865,0.012041617,0.10015286,0.037691887,0.075833865,-0.16323838,0.009669396
75,-0.072144024,0.022388509,-0.050416388,-0.33610132,-0.031978965,0.04470057,-0.022426289,0.18862896,0.007081037,-0.021713713,-0.26403594,-0.029426292,0.03542337,0.1489185,0.030695701,0.0619227,-0.23567657,0.011588286,0.035549223,0.18553439,0.052120257,0.06224091,-0.13497011,0.00082953146,0.032115318,0.14567105,0.05662408,0.07086419,-0.12388065,-0.032624636,0.012251295,0.099059395,0.03775795,0.07648647,-0.16034457,0.0070325364
76,-0.07246252,0.017170727,-0.050835192,-0.34101522,-0.034142163,0.04556133,-0.023063814,0.18776183,0.005807556,-0.0228464,-0.2694902,-0.02774681,0.034616664,0.15011173,0.02960769,0.06001888,-0.23992696,0.012622794,0.035493415,0.1880932,0.05217485,0.06079737,-0.13846171,0.0008018093,0.032461677,0.14749542,0.057068486,0.06978553,-0.12710968,-0.033980295,0.0124539435,0.100161135,0.038034923,0.07556321,-0.16075331,0.005376265
77,-0.07297885,0.015149496,-0.0512982,-0.33923995,-0.03138312,0.045188382,-0.022739436,0.1887559,0.0063890666,-0.02261916,-0.26818123,-0.028829833,0.03530266,0.15340585,0.029808555,0.06107534,-0.23662561,0.013332003,0.035143662,0.19128257,0.05169321,0.061875496,-0.13356379,0.001412326,0.03142678,0.14896768,0.05595941,0.07118682,-0.12224552,-0.034050237,0.01055456,0.09998604,0.036031615,0.077092364,-0.15597203,0.0064980956
78,-0.07513098,0.02264044,-0.053292375,-0.34188566,-0.029700268,0.047456305,-0.02442608,0.19331264,0.006009773,-0.022714185,-0.26432443,-0.02966001,0.034995213,0.15488923,0.030071795,0.062936336,-0.23384938,0.013449182,0.034425285,0.19118124,0.052437965,0.06393682,-0.13026571,-0.0013712018,0.031159522,0.14587136,0.05602301,0.07374388,-0.120469,-0.037084013,0.009150056,0.09857056,0.03428718,0.07935093,-0.15861236,0.0068782503
79,-0.075318284,0.020786785,-0.053411487,-0.34608242,-0.029270338,0.04488582,-0.024090787,0.18982314,0.0061103636,-0.022813614,-0.26617438,-0.03116184,0.035251215,0.15546237,0.02938989,0.06259142,-0.23600048,0.0142354565,0.034018878,0.19244994,0.052330572,0.06407093,-0.13120864,-0.0019867038,0.03086896,0.14548694,0.055990826,0.07438141,-0.1216069,-0.03900339,0.008405824,0.09813935,0.033443242,0.079974264,-0.16097863,0.0064033424
80,-0.07566452,0.015202543,-0.05396094,-0.34745324,-0.028483344,0.04544758,-0.023533031,0.18741629,0.005089614,-0.025386129,-0.26749727,-0.030238204,0.035522506,0.15870264,0.028665785,0.060770042,-0.23451701,0.015719874,0.0343873,0.19698381,0.052272826,0.062679775,-0.1287506,-0.00051342475,0.031297404,0.14911216,0.056630068,0.07335939,-0.11839313,-0.038584016,0.009049886,0.10085454,0.034170285,0.07916946,-0.1565568,0.0066482234
81,-0.07524545,0.015727434,-0.053572983,-0.34545302,-0.029910438,0.045114834,-0.02364105,0.18653207,0.0066217054,-0.023760078,-0.267124,-0.032280393,0.036341373,0.15750794,0.029441789,0.06186415,-0.23377404,0.0155178225,0.034470852,0.19545308,0.052950602,0.06383256,-0.12712204,-0.0011432506,0.031329032,0.14679572,0.057031546,0.07463723,-0.116829544,-0.040016532,0.008626274,0.09891711,0.03356803,0.08027807,-0.15703993,0.006823969
82,-0.07490739,0.015215569,-0.053371906,-0.34812057,-0.033230733,0.047402088,-0.023689607,0.18648107,0.0061818855,-0.025659895,-0.27000758,-0.03128494,0.036663625,0.15837005,0.029517977,0.060102724,-0.2354022,0.016049188,0.035429228,0.1971105,0.054110035,0.062382106,-0.1282173,-0.0011130001,0.032728575,0.14823699,0.058781873,0.07335152,-0.117277145,-0.04079032,0.010180379,0.10086147,0.03517488,0.07898716,-0.15620025,0.0059498944
83,-0.07301241,0.021013405,-0.05159026,-0.35379317,-0.035694584,0.04473092,-0.022333132,0.18377493,0.0063624694,-0.02662133,-0.27187365,-0.031454243,0.03714038,0.15914196,0.029228248,0.058980975,-0.23787838,0.017015835,0.035655335,0.19875598,0.05432536,0.061437026,-0.12980735,-0.00065908016,0.033028826,0.1495422,0.05924406,0.07269779,-0.11826708,-0.040948298,0.010398156,0.10241462,0.035427574,0.07841674,-0.15668215,0.0056682955
84,-0.0757654,0.018134905,-0.054345455,-0.34973416,-0.034609422,0.04707603,-0.025200449,0.18593659,0.0059515145,-0.024608584,-0.27057987,-0.03249957,0.0360026,0.15891784,0.02872806,0.0610638,-0.23517579,0.017222008,0.034126405,0.19738108,0.053396605,0.063399844,-0.12569207,-0.00034647225,0.031362947,0.14702158,0.057592236,0.07470223,-0.11409239,-0.040667593,0.007954904,0.10006446,0.032689065,0.08035182,-0.154795,0.007785048
85,-0.07472566,0.021702595,-0.05312178,-0.3491724,-0.034924027,0.043138206,-0.02418609,0.18700212,0.0071696513,-0.023048988,-0.27097252,-0.03414146,0.036644023,0.16274913,0.029490478,0.061552048,-0.23526935,0.016961237,0.034486637,0.20021306,0.05390267,0.064155824,-0.12502466,-0.00056458864,0.031249957,0.14802083,0.057447776,0.07565493,-0.11382568,-0.04173367,0.006835816,0.10006322,0.031457644,0.081204616,-0.15456112,0.0076121716
86,-0.074185826,0.016388273,-0.052798204,-0.35122907,-0.041058708,0.04664419,-0.024744436,0.18908808,0.007314563,-0.024928005,-0.27770844,-0.03396632,0.037458993,0.16489938,0.030711,0.059156846,-0.23839642,0.015544716,0.036753554,0.20242178,0.056331865,0.0626948,-0.12773521,-0.0016351385,0.03371772,0.1494347,0.06004649,0.07438351,-0.11635786,-0.043372262,0.008890316,0.10296396,0.033427738,0.07973409,-0.15593192,0.0062732375
87,-0.07420984,0.019366337,-0.05267866,-0.349373,-0.03894478,0.043997258,-0.024563458,0.19131123,0.0086756395,-0.023395373,-0.27563694,-0.036990557,0.038184762,0.16796139,0.03164109,0.06141228,-0.23514633,0.0143564725,0.03643971,0.2033792,0.055814855,0.0651812,-0.12395335,-0.0020158344,0.032332815,0.14867532,0.058267754,0.07706467,-0.11339737,-0.043393776,0.0062667313,0.101665825,0.03053336,0.082360774,-0.15552293,0.007839882
88,-0.071703,0.020569626,-0.050363846,-0.3558514,-0.04518438,0.044794217,-0.023346761,0.18816406,0.008462823,-0.025276879,-0.28194734,-0.03494155,0.038721174,0.17026694,0.031248951,0.059917644,-0.23867393,0.016950669,0.037057776,0.20701623,0.05623712,0.064044155,-0.12661456,-0.00039552586,0.033195436,0.15131223,0.059138596,0.07624087,-0.11603693,-0.04291843,0.0071034264,0.104193866,0.03141222,0.081641726,-0.15698732,0.0074624964
89,-0.071091905,0.020818442,-0.049717933,-0.35335547,-0.04788328,0.046916086,-0.023645135,0.19180791,0.010196975,-0.024374973,-0.28281018,-0.03660287,0.03989242,0.17098995,0.03315739,0.060928922,-0.23781598,0.015540701,0.038202472,0.20667274,0.05793274,0.06498752,-0.12513986,-0.0019087255,0.034130685,0.15007378,0.06019406,0.07715663,-0.11466838,-0.044655863,0.0072105685,0.10337457,0.031344272,0.082324624,-0.15596326,0.007257527
90,-0.07326095,0.01606828,-0.051761992,-0.35255742,-0.045639694,0.04651434,-0.025478045,0.19356287,0.008484031,-0.022768818,-0.28419554,-0.035208557,0.037571304,0.17398164,0.030984983,0.061009806,-0.23752289,0.01721055,0.03603283,0.20982504,0.05598905,0.06580886,-0.12379285,-0.00025254482,0.03192912,0.15155162,0.058226388,0.078217246,-0.113012,-0.044093303,0.004814928,0.10176495,0.029029934,0.08352062,-0.15477371,0.008272511
91,-0.07136255,0.018525315,-0.04976844,-0.35520658,-0.048653934,0.044676922,-0.024421977,0.19314007,0.009976196,-0.021645347,-0.28725088,-0.035790723,0.0383568,0.17358296,0.03177764,0.06035374,-0.24137561,0.01700449,0.036887705,0.20973717,0.05740864,0.06541574,-0.12719005,-0.0013111859,0.032975234,0.15109067,0.059639815,0.07790286,-0.11617023,-0.046356887,0.0055332338,0.100931674,0.029783087,0.08303681,-0.15699054,0.006465437
92,-0.07273736,0.02052439,-0.050941076,-0.35021007,-0.047554117,0.047287323,-0.025490172,0.19997405,0.010676443,-0.021854008,-0.2839674,-0.037955575,0.03923474,0.17676188,0.033532396,0.06243178,-0.23634584,0.014768641,0.037520677,0.20996901,0.05790845,0.06726908,-0.12229382,-0.0029501773,0.03275342,0.1501039,0.05898244,0.07973812,-0.11209393,-0.047331605,0.004096891,0.10094814,0.028066639,0.08478517,-0.15366924,0.0071587088
93,-0.07716924,0.017676676,-0.055248946,-0.35052946,-0.042169712,0.048682824,-0.028505024,0.19824378,0.008467371,-0.020261826,-0.28105652,-0.037027173,0.036736827,0.17539357,0.029753296,0.06422999,-0.23723678,0.020336205,0.033476457,0.20881985,0.05544483,0.06855472,-0.1212046,-0.0023421536,0.030071499,0.14641744,0.05716423,0.08129318,-0.11135552,-0.050088715,0.0014973098,0.0959392,0.02544281,0.08640836,-0.15364107,0.006309486
94,-0.077787094,0.01609817,-0.055962604,-0.3560657,-0.04052106,0.04684524,-0.027524205,0.19037713,0.005982536,-0.02326344,-0.28259808,-0.03443565,0.03591642,0.17761435,0.026346562,0.061706994,-0.24179104,0.026444824,0.032008953,0.21505551,0.05416999,0.065459214,-0.123544134,0.0003631058,0.029873602,0.15130539,0.057744663,0.07861935,-0.11252876,-0.050821878,0.0023091463,0.098403715,0.026549613,0.084167264,-0.15070394,0.004774028
95,-0.08074025,0.013662762,-0.058699653,-0.36235863,-0.032464176,0.04670749,-0.027496189,0.19397496,0.006106711,-0.02643449,-0.28260353,-0.037857246,0.03746802,0.18167208,0.027127307,0.060771175,-0.24372983,0.023894604,0.033348057,0.2163422,0.05478692,0.06523385,-0.12522055,-0.0017304209,0.030463915,0.15145655,0.057777934,0.07864581,-0.114833385,-0.052404515,0.0019100823,0.09977898,0.026081229,0.08415704,-0.15177278,0.0034316014
96,-0.07582818,0.016948164,-0.05379412,-0.3621936,-0.03088214,0.040678695,-0.022257032,0.18779644,0.01231026,-0.023934169,-0.2821288,-0.042926546,0.04275816,0.18180059,0.030591149,0.0628757,-0.24385141,0.024053726,0.035671636,0.2157756,0.05670993,0.06720215,-0.123888455,-0.002221233,0.0314984,0.14960581,0.05842701,0.0807485,-0.1142693,-0.053560447,0.0014707017,0.09812663,0.025378011,0.08612028,-0.15259282,0.0032616588
97,-0.07304473,7.018598e-05,-0.05136661,-0.368785,-0.038599547,0.040880937,-0.02183029,0.17977668,0.013908323,-0.022068305,-0.29510072,-0.043524675,0.043798786,0.18464622,0.03177643,0.06355089,-0.2432463,0.021634411,0.036840167,0.21797322,0.056037027,0.07031478,-0.12175803,-0.00082086836,0.030474281,0.14954345,0.055946022,0.08443743,-0.112436354,-0.04959684,-0.0014687392,0.10055193,0.021909846,0.08978293,-0.15769175,0.008445796
98,-0.07556632,-0.0030389295,-0.054112088,-0.37396553,-0.037689988,0.046174422,-0.02354683,0.18160422,0.0113517735,-0.023855323,-0.29695076,-0.03983737,0.042417508,0.18989348,0.0314039,0.063778184,-0.24011114,0.021889031,0.036907874,0.22142403,0.055783436,0.07110233,-0.1184892,0.00039784287,0.030486748,0.15086854,0.055422578,0.08546488,-0.109742686,-0.047073424,-0.0021643303,0.10415253,0.021067634,0.0907352,-0.15707283,0.010901936
99,-0.07378802,0.017270105,-0.05234279,-0.36857226,-0.038103793,0.04692392,-0.020904763,0.18650892,0.013261573,-0.024933644,-0.28808883,-0.040760543,0.045142416,0.19240735,0.03457106,0.06545059,-0.23702131,0.022298694,0.039370716,0.22318879,0.059609346,0.07036488,-0.11572959,-0.0025580446,0.03402742,0.15187441,0.05943225,0.08453872,-0.107360855,-0.050536305,0.00092261285,0.10841657,0.024080005,0.08934942,-0.1529748,0.008824372
100,-0.07374799,0.021566097,-0.052618098,-0.37308684,-0.04653973,0.04911378,-0.023686502,0.18163301,0.011399464,-0.023731286,-0.29029733,-0.039075498,0.042597573,0.18656091,0.031861436,0.066081844,-0.24096487,0.026496043,0.036772355,0.21959199,0.058909822,0.070481904,-0.1184718,-0.0024351724,0.033388976,0.14791036,0.059490796,0.0849241,-0.109446205,-0.05153997,0.00063012174,0.107567124,0.02353765,0.089556456,-0.15880834,0.009718506
