Epoch,Layer0_theta_1,Layer0_r,Layer0_theta_2,Layer0_bx,Layer0_bp,Layer0_gamma,Layer1_theta_1,Layer1_r,Layer1_theta_2,Layer1_bx,Layer1_bp,Layer1_gamma,Layer2_theta_1,Layer2_r,Layer2_theta_2,Layer2_bx,Layer2_bp,Layer2_gamma,Layer3_theta_1,Layer3_r,Layer3_theta_2,Layer3_bx,Layer3_bp,Layer3_gamma,Layer4_theta_1,Layer4_r,Layer4_theta_2,Layer4_bx,Layer4_bp,Layer4_gamma,Layer5_theta_1,Layer5_r,Layer5_theta_2,Layer5_bx,Layer5_bp,Layer5_gamma
1,0.03659349,0.05011028,0.036611054,-0.006544945,-0.031686235,-0.033816498,0.035907112,0.048075464,0.03620035,-0.003979801,-0.032403506,-0.031022482,0.03527191,0.044410873,0.035570074,-0.00040402915,-0.03430135,-0.031044196,0.034262855,0.040941563,0.03443841,0.0014200136,-0.036454707,-0.031735737,0.032539997,0.039290443,0.032468397,0.0019362625,-0.039013896,-0.032808878,0.029461322,0.0411661,0.029063676,0.0013086912,-0.042581208,-0.03480153
2,0.04903731,0.085747704,0.04746241,0.026359001,-0.020912021,-0.044216387,0.04315832,0.0720029,0.043327756,0.034988537,-0.021468733,-0.026956176,0.038025606,0.05718033,0.03822802,0.04025025,-0.027260862,-0.0239262,0.031502254,0.045334846,0.03109451,0.042726777,-0.035089802,-0.024084322,0.022536421,0.041597083,0.021194797,0.043507237,-0.046651293,-0.026227888,0.010047295,0.052380092,0.00797797,0.042993657,-0.069446474,-0.033304308
3,0.08082689,0.11899396,0.075530946,0.030399619,-0.031476963,-0.060854502,0.07073088,0.098918624,0.068350434,0.05179598,-0.030364152,-0.03150313,0.06140159,0.08022815,0.05947184,0.0601139,-0.037162997,-0.023661664,0.050318692,0.06570044,0.047961004,0.064166136,-0.046797574,-0.020556616,0.036182757,0.061332535,0.032760322,0.066446684,-0.061673895,-0.020856107,0.017436814,0.07532294,0.013219129,0.06761892,-0.09338764,-0.030716885
4,0.11023056,0.14837028,0.09608384,0.021810489,-0.029055798,-0.04706545,0.09572926,0.12817669,0.0874958,0.054600675,-0.025147278,-0.012148127,0.082354546,0.10985611,0.07681463,0.06601633,-0.03027519,-0.0023896573,0.06845867,0.09439649,0.064084776,0.072044246,-0.03818443,0.0022228165,0.052600905,0.08883586,0.047986083,0.076387964,-0.051621523,0.002774119,0.032788202,0.102131754,0.02791522,0.07969712,-0.0859858,-0.0092759915
5,0.1288472,0.15150084,0.103089884,0.011160139,-0.0397012,-0.030982457,0.11138923,0.14157769,0.09498044,0.04872309,-0.03158333,0.005964799,0.09551713,0.12912448,0.085530244,0.060657743,-0.032392733,0.01771896,0.081519745,0.115866624,0.075317554,0.067233466,-0.035902776,0.023664184,0.0673723,0.11127549,0.062326513,0.07273409,-0.04491396,0.024356876,0.0502141,0.12532899,0.04585571,0.07741316,-0.07670356,0.010713802
6,0.14545181,0.13184921,0.10759967,0.007690613,-0.05036133,-0.018234123,0.124306224,0.13671534,0.09842399,0.0479701,-0.03853831,0.018141778,0.10516403,0.13288303,0.089916684,0.05932795,-0.03454927,0.03252503,0.09099263,0.12378091,0.08232238,0.06527704,-0.033818975,0.03996504,0.07861286,0.12200417,0.07225635,0.07087246,-0.039500155,0.0398072,0.06333772,0.1385317,0.058339313,0.075949095,-0.06985209,0.023831118
7,0.15860431,0.10754368,0.109169394,0.017639408,-0.061304923,-0.012835308,0.13268377,0.12737735,0.09697663,0.05714227,-0.046547115,0.023894453,0.10942084,0.13095655,0.08853493,0.066402495,-0.038222563,0.04335522,0.094720855,0.12487917,0.08347763,0.07064278,-0.034572095,0.053212557,0.084342495,0.125308,0.076446794,0.07548292,-0.039431192,0.051629055,0.070735686,0.1439647,0.0643428,0.080278836,-0.07219239,0.032129325
8,0.16301723,0.090012826,0.10269318,0.03792023,-0.076036274,-0.014050641,0.13252628,0.123236656,0.08695151,0.073103555,-0.05925948,0.024128238,0.10526759,0.13153698,0.078546435,0.07886675,-0.04697652,0.05106329,0.09034963,0.12567113,0.07705491,0.08076811,-0.041014142,0.06500675,0.083341554,0.12590368,0.07482561,0.08447038,-0.04644006,0.062729195,0.07311246,0.14482848,0.06586913,0.08873739,-0.084241495,0.039264053
9,0.16894487,0.06960659,0.09896332,0.053276587,-0.09539131,-0.020166077,0.13533543,0.12021215,0.078865044,0.08386563,-0.076282844,0.018208448,0.10353668,0.13577479,0.06936979,0.08722823,-0.058810852,0.054321263,0.08706524,0.12969305,0.070956565,0.08783314,-0.049322385,0.07467608,0.08294323,0.12823333,0.07381778,0.09101573,-0.054642286,0.07335697,0.07641048,0.1457028,0.06874577,0.09489404,-0.09655336,0.04689012
10,0.1809027,0.049188256,0.10416384,0.06425159,-0.10622084,-0.024103843,0.14603516,0.11725259,0.079625905,0.092016436,-0.08528601,0.010778308,0.10952955,0.14124459,0.06760696,0.09516249,-0.06272492,0.054648988,0.08979101,0.13485558,0.07041903,0.09610746,-0.050199196,0.081191935,0.086489365,0.13045946,0.07648001,0.09981157,-0.05673268,0.0818071,0.081629135,0.1443493,0.07336632,0.10368003,-0.10618242,0.054041963
11,0.18595608,0.036962703,0.103443556,0.07119754,-0.119505696,-0.028054627,0.15285227,0.12271131,0.07682277,0.09424613,-0.097417295,0.002204816,0.1137255,0.15567178,0.0639581,0.09742546,-0.07001701,0.05407343,0.091756776,0.14790477,0.06964959,0.099565774,-0.054708287,0.087001435,0.09040848,0.13848561,0.080866165,0.10447098,-0.06199398,0.09088017,0.08913343,0.14615421,0.082061335,0.10860792,-0.11677039,0.06343243
12,0.187493,0.035514798,0.10057982,0.07863685,-0.12530005,-0.028243354,0.15742235,0.13434874,0.07349759,0.09619921,-0.10306775,-0.0038901465,0.11706045,0.17360832,0.06052141,0.10008927,-0.07189546,0.055166356,0.093392454,0.16328517,0.06940672,0.10402441,-0.055216987,0.09294269,0.094151884,0.14753088,0.08608081,0.1106308,-0.06439861,0.10046851,0.09674876,0.14697017,0.09169486,0.11529199,-0.12738389,0.073911816
13,0.19017567,0.03650061,0.10042036,0.08601265,-0.12416775,-0.02740831,0.16339852,0.14506537,0.07319784,0.09823693,-0.102381274,-0.009873235,0.12222625,0.18934105,0.059730224,0.10351827,-0.067964286,0.056118075,0.09643468,0.17651753,0.07101519,0.10967349,-0.05069734,0.09797905,0.09847385,0.15431696,0.0921481,0.1184318,-0.062451333,0.10958311,0.10406407,0.14512005,0.10093982,0.123892374,-0.13647607,0.08381361
14,0.1914795,0.03400831,0.09961152,0.0888196,-0.12704726,-0.029776897,0.1695931,0.15159419,0.07358085,0.095547974,-0.10615839,-0.01995962,0.12912686,0.20289437,0.05984326,0.10251716,-0.06800128,0.053830963,0.100966856,0.1890375,0.07383284,0.11098439,-0.049224015,0.10129071,0.104227334,0.16089532,0.09988828,0.122178905,-0.062006824,0.11827127,0.11347251,0.1438838,0.11261675,0.12868594,-0.14361085,0.09312491
15,0.1930652,0.028921714,0.09987942,0.09044533,-0.1298596,-0.03514453,0.17647435,0.1534916,0.075532556,0.091401294,-0.10990099,-0.032586515,0.13744381,0.21311507,0.060935885,0.100092,-0.06776421,0.049906988,0.10621777,0.19928464,0.07723754,0.11094737,-0.04700275,0.10401715,0.11020181,0.1655263,0.107916966,0.12486847,-0.060124245,0.12696558,0.123041324,0.14143497,0.12427283,0.13258922,-0.14905165,0.10119971
16,0.1939703,0.026281932,0.10012878,0.09540411,-0.13085155,-0.04211557,0.18237491,0.15184872,0.0784432,0.08928894,-0.11254517,-0.0463461,0.14600372,0.21979527,0.062917046,0.09863326,-0.067371875,0.044272628,0.11193762,0.20682748,0.08140135,0.11153115,-0.04466654,0.10552381,0.11642138,0.16780612,0.11617143,0.12823099,-0.05796937,0.13478059,0.13236554,0.13769764,0.13519737,0.13721687,-0.15567742,0.10695493
17,0.19368552,0.027259247,0.09950532,0.100842535,-0.13030781,-0.05032358,0.18690719,0.14973718,0.081118435,0.08777744,-0.114295,-0.061008215,0.15384358,0.22600035,0.06434109,0.09714915,-0.06734447,0.036169074,0.11698431,0.21420434,0.08508922,0.1117594,-0.042667978,0.105311126,0.12191401,0.16969296,0.12388778,0.1311004,-0.055971693,0.14131297,0.14096464,0.13390525,0.14522149,0.14123784,-0.16232714,0.11082586
18,0.19160941,0.02844838,0.09714435,0.10668426,-0.13078074,-0.060171407,0.18970194,0.14568481,0.08220845,0.08658923,-0.117186755,-0.07651073,0.16009368,0.23254767,0.0636169,0.09478195,-0.06841741,0.027465502,0.120227024,0.22222926,0.08702338,0.11073866,-0.04141429,0.105467185,0.12598583,0.17195939,0.13039422,0.13248676,-0.054489233,0.14777201,0.14895019,0.13093293,0.15459147,0.14354675,-0.167951,0.11353446
19,0.19131964,0.027807515,0.097085856,0.11010928,-0.12680501,-0.0674227,0.19366132,0.13909155,0.08517051,0.084915735,-0.11560825,-0.09015238,0.16695188,0.23659834,0.0637746,0.09194422,-0.06514462,0.019280883,0.12349206,0.22837444,0.08870966,0.10919018,-0.036349494,0.10492246,0.1292192,0.17302653,0.13555291,0.13330187,-0.04927247,0.15273748,0.1551746,0.12747088,0.16167873,0.14517108,-0.16934755,0.11486523
20,0.19025543,0.028687522,0.09622897,0.11175953,-0.12058948,-0.07304184,0.19591878,0.13365546,0.08707679,0.08326745,-0.11172015,-0.10153352,0.17158933,0.2399939,0.06275819,0.08943598,-0.059925914,0.011999087,0.12485506,0.23346116,0.088764764,0.10775897,-0.030003686,0.103774734,0.1305334,0.17337258,0.13845856,0.13392198,-0.04308439,0.15611622,0.15907162,0.12372149,0.16600695,0.1463741,-0.16933665,0.11465123
21,0.18517041,0.031579446,0.090673536,0.111375034,-0.11638526,-0.07879384,0.19423436,0.1303,0.084401876,0.08075868,-0.11055026,-0.113637574,0.17198066,0.24597514,0.057153653,0.08546258,-0.057292085,0.0039170315,0.122204304,0.24080178,0.08536743,0.10419804,-0.025952548,0.10281314,0.12901823,0.1751005,0.13918935,0.1319059,-0.038711913,0.15997516,0.16176167,0.12116068,0.16940914,0.14463,-0.16684823,0.11554871
22,0.18403755,0.029204026,0.08996306,0.11121138,-0.10773879,-0.08064182,0.19568358,0.120817244,0.086048216,0.07943837,-0.103796184,-0.120197736,0.17526326,0.24637836,0.055597425,0.082776256,-0.047536064,0.002619404,0.12212412,0.24315372,0.08391149,0.10230863,-0.015852015,0.104273684,0.12859257,0.17425913,0.13960055,0.13178025,-0.028914938,0.16333659,0.16354927,0.11771699,0.17112572,0.144843,-0.16193932,0.11454513
23,0.18096341,0.027815206,0.08705355,0.11281905,-0.10237194,-0.08365442,0.19510095,0.11192734,0.08573649,0.07886591,-0.10055142,-0.12686963,0.17676404,0.24778953,0.05298866,0.08029863,-0.04112636,0.0022957923,0.12113712,0.24613331,0.08201215,0.10013402,-0.009089651,0.106367834,0.12783864,0.17439614,0.13986737,0.13092977,-0.022102304,0.16699603,0.16542305,0.11556466,0.17315754,0.14419214,-0.157838,0.114157915
24,0.1762689,0.027972901,0.08228778,0.11838217,-0.10268359,-0.0905113,0.19290887,0.103679195,0.083582535,0.08007824,-0.10367727,-0.13724329,0.17666906,0.25126666,0.04890347,0.07854957,-0.041161016,-8.1903476e-05,0.11923082,0.2507971,0.07987654,0.09806184,-0.008147027,0.108323105,0.12717059,0.1758067,0.14086099,0.12975504,-0.020722894,0.17092627,0.1683634,0.11448269,0.17672218,0.1430908,-0.15760115,0.11402927
25,0.17481941,0.030780071,0.08134623,0.1242606,-0.098178394,-0.09499736,0.1930608,0.096172765,0.08483477,0.08251449,-0.10182167,-0.14509772,0.17872585,0.25159654,0.04885565,0.07926976,-0.037208438,-0.0013446528,0.120165914,0.2520994,0.0806253,0.09864169,-0.0043892763,0.109062836,0.12849692,0.17535917,0.143006,0.1312823,-0.017374713,0.17290469,0.17129368,0.112510465,0.17979904,0.14479224,-0.1595768,0.11206365
26,0.1740436,0.032194894,0.081161045,0.12658714,-0.093066275,-0.097451925,0.1940087,0.0886316,0.08697255,0.082493804,-0.09907247,-0.15151747,0.18172172,0.2507837,0.049740937,0.07883244,-0.031990748,-0.001513767,0.12174673,0.25244242,0.081723474,0.0981962,0.00050287356,0.10988238,0.12993157,0.1746517,0.1449593,0.13178766,-0.012423857,0.1747131,0.17375542,0.110621125,0.18229967,0.1455474,-0.15793684,0.11082308
27,0.16978998,0.033527948,0.07683199,0.12783578,-0.09280914,-0.100428164,0.19194813,0.08331983,0.08533621,0.08094433,-0.10158204,-0.15847954,0.18191506,0.25293234,0.04794408,0.076211736,-0.032004155,-0.0022089812,0.121355586,0.25532717,0.08132707,0.09505308,0.0004664486,0.11048615,0.13027617,0.17617603,0.14630215,0.12901795,-0.011323832,0.17713651,0.17595202,0.11085165,0.18490286,0.14289343,-0.15350224,0.11243189
28,0.16627689,0.036446307,0.07331956,0.12755372,-0.088996954,-0.10098869,0.19000405,0.07957817,0.08389339,0.07932987,-0.10029212,-0.16308106,0.18164402,0.25408736,0.046314705,0.07453833,-0.028609868,-0.0017719136,0.12055014,0.25686827,0.08076248,0.093061976,0.0033199398,0.11094911,0.13017821,0.1767307,0.14694627,0.12746508,-0.0079276655,0.17888376,0.1771129,0.110289246,0.18623401,0.14147484,-0.14908476,0.11336152
29,0.16772558,0.039112613,0.075630456,0.12992279,-0.082757995,-0.10193872,0.19216184,0.07427285,0.08723763,0.080065794,-0.096196644,-0.1685257,0.1845591,0.25175762,0.04841282,0.07557354,-0.023295471,-0.003187606,0.122665726,0.25523752,0.08291538,0.094018176,0.007855037,0.10976409,0.13225451,0.17491272,0.14915028,0.1291222,-0.0035989203,0.17853962,0.17898944,0.10800923,0.18790329,0.14342442,-0.14916845,0.11132182
30,0.16495131,0.04177685,0.07308257,0.13237253,-0.084270194,-0.10498835,0.19118641,0.07040446,0.086705014,0.07953474,-0.1008836,-0.17614935,0.18505067,0.2531374,0.04727737,0.07434118,-0.026368683,-0.005738531,0.12271817,0.25723213,0.08325981,0.09183944,0.0049129096,0.10885181,0.13329498,0.17604376,0.1509973,0.12692961,-0.0054836804,0.17921142,0.18131585,0.10837715,0.19053403,0.14131418,-0.14762911,0.111822285
31,0.16403668,0.043849893,0.07254169,0.13249083,-0.07899273,-0.104056306,0.19081359,0.06682051,0.08683401,0.07910878,-0.09745221,-0.17903402,0.18508191,0.2521334,0.046700377,0.07418315,-0.021398034,-0.0051644784,0.1222263,0.25640997,0.08324261,0.0915621,0.009212671,0.108709,0.1333564,0.17499088,0.15131928,0.1270805,-0.0011012121,0.17957792,0.18153937,0.106892854,0.19060972,0.14165708,-0.1446793,0.1115873
32,0.16121998,0.044478122,0.0698536,0.13253924,-0.077887945,-0.1037608,0.18901597,0.06273159,0.08520829,0.07797853,-0.09840509,-0.18198332,0.18403494,0.25197548,0.044907607,0.0727151,-0.020292645,-0.0039088177,0.120951205,0.2564532,0.08241771,0.08963247,0.010003611,0.10916769,0.13294306,0.17500302,0.151184,0.12516047,0.00047130868,0.18036821,0.18168351,0.10682925,0.19073123,0.13983093,-0.14002009,0.11258773
33,0.16144007,0.04580342,0.07055126,0.1322965,-0.07487037,-0.103104316,0.18970539,0.05950474,0.08626043,0.077842265,-0.09700124,-0.18533257,0.18454447,0.25015983,0.044689085,0.07243257,-0.018036552,-0.0054473034,0.12087579,0.2551702,0.0828182,0.08892181,0.012093699,0.10765982,0.13341285,0.17370738,0.15175217,0.12467514,0.0030961111,0.17973542,0.18179576,0.10557746,0.19060932,0.13960053,-0.1368653,0.11266948
34,0.16152994,0.048173904,0.07133697,0.13514267,-0.07497382,-0.10509275,0.19078968,0.055761717,0.08796362,0.078613386,-0.09937096,-0.19109583,0.18601592,0.24885876,0.045430478,0.07291276,-0.019543812,-0.007959392,0.122080214,0.2544595,0.08432215,0.08865675,0.010515848,0.10599509,0.13523468,0.17307651,0.15373422,0.12436313,0.0019407176,0.17878325,0.18367484,0.105073616,0.19243456,0.1394202,-0.13741113,0.11154563
35,0.15985653,0.050387304,0.0698815,0.13727033,-0.07313903,-0.105446935,0.18936108,0.053374577,0.08655071,0.079528235,-0.09950041,-0.19505122,0.18414664,0.24931024,0.04277684,0.073278725,-0.018385725,-0.008701516,0.119762786,0.25480837,0.08297318,0.08857351,0.011651825,0.10588407,0.13427521,0.1726652,0.15343426,0.12436185,0.003132591,0.17908901,0.18362433,0.103901014,0.19247341,0.13947392,-0.13665316,0.111320205
36,0.15719056,0.053816054,0.06717403,0.13715309,-0.070021406,-0.10438782,0.18683301,0.05290535,0.083871216,0.079438254,-0.098005906,-0.19720057,0.18123484,0.24996239,0.039798412,0.072963946,-0.0160519,-0.008876436,0.1170203,0.2550253,0.08149199,0.08792617,0.01360867,0.10541126,0.13304542,0.17222057,0.15279317,0.12374539,0.0052113286,0.17933802,0.18295065,0.10293817,0.19177328,0.13893999,-0.13392408,0.11219771
37,0.1585048,0.053857602,0.06926948,0.13782494,-0.07031034,-0.10472181,0.18903728,0.048298925,0.08660536,0.07960769,-0.09978937,-0.20076501,0.18346807,0.24637264,0.041027367,0.07296536,-0.016915461,-0.010595571,0.11843148,0.2525647,0.08276755,0.087243356,0.013029922,0.10407446,0.13451007,0.17048924,0.15382355,0.123027265,0.0052779317,0.1780155,0.18371549,0.10233231,0.192139,0.13842602,-0.1322552,0.111042425
38,0.15917817,0.054847255,0.07061076,0.13745601,-0.070835486,-0.10487113,0.19079064,0.044896748,0.08882368,0.07902087,-0.10186687,-0.20419553,0.18545525,0.24330436,0.042075947,0.072501756,-0.018343272,-0.012708141,0.11977075,0.25055155,0.08403739,0.08605192,0.011877276,0.10237818,0.13600467,0.16907611,0.15495555,0.121739015,0.00489812,0.1766231,0.18454197,0.101990715,0.192585,0.13734196,-0.1300122,0.11032328
39,0.15600875,0.0592399,0.067103654,0.13624749,-0.06712515,-0.10327807,0.18733752,0.046798475,0.0849312,0.0787148,-0.099352516,-0.20573188,0.18108444,0.24507944,0.03763594,0.07223966,-0.015379106,-0.013427032,0.11547903,0.25150707,0.08134067,0.08564903,0.014634198,0.10193273,0.13354823,0.16866606,0.15337446,0.12142997,0.007497048,0.17707096,0.1829897,0.10051017,0.19106069,0.1370796,-0.12757726,0.111405805
40,0.15619989,0.060537197,0.067856304,0.13827987,-0.06674918,-0.10359197,0.18783543,0.04363736,0.085685775,0.07997044,-0.100395165,-0.20898272,0.18096016,0.24257524,0.037155166,0.07289853,-0.01567801,-0.014862993,0.115073815,0.24945633,0.08151354,0.0857148,0.014455145,0.100875996,0.13392442,0.16688481,0.15362126,0.12137673,0.0075112265,0.17597198,0.18307045,0.09959285,0.19081068,0.13714056,-0.12714233,0.11037475
41,0.15722539,0.06027573,0.069459155,0.13837576,-0.06488306,-0.102340035,0.18921427,0.03973884,0.08730658,0.080311745,-0.09958093,-0.21064173,0.18187581,0.23963672,0.037101574,0.07298553,-0.013775365,-0.014950017,0.11496897,0.2472883,0.081561774,0.08547118,0.01658351,0.10077913,0.13403742,0.16513012,0.15342836,0.12126082,0.009847122,0.17550956,0.18267256,0.09869751,0.19002096,0.13720447,-0.12475575,0.109771445
42,0.15546744,0.06399944,0.06788891,0.1382884,-0.06666961,-0.10302953,0.18893333,0.039934617,0.0870649,0.079244666,-0.10333971,-0.21454386,0.18231516,0.24096093,0.03673365,0.07163884,-0.017332913,-0.017676314,0.11543902,0.24900632,0.08240037,0.083321564,0.013156844,0.09904985,0.1353196,0.1663805,0.15511918,0.11881893,0.007060217,0.17501767,0.18432894,0.0998359,0.19174792,0.13481285,-0.1233551,0.11063446
43,0.15533873,0.06597892,0.06801118,0.13978451,-0.061381962,-0.100525774,0.18831576,0.038873173,0.08641359,0.0808049,-0.09901739,-0.21456476,0.18065289,0.24058828,0.034669667,0.07302164,-0.012317212,-0.016376207,0.11312561,0.24835648,0.080983736,0.0847497,0.017855227,0.099816725,0.13399367,0.1652753,0.15408686,0.120483644,0.010886867,0.17525436,0.18337901,0.09836387,0.19067761,0.13649315,-0.12339158,0.10993737
44,0.15476778,0.068172485,0.06782429,0.14096798,-0.06288772,-0.10070924,0.18893184,0.03780665,0.08716703,0.08108925,-0.10208055,-0.21756017,0.1815308,0.24037552,0.034821108,0.072445095,-0.015378461,-0.01894463,0.11390661,0.24887055,0.08200283,0.0833153,0.014998518,0.09805688,0.13538499,0.165634,0.15561615,0.11879234,0.008529662,0.17433222,0.18478145,0.09914262,0.19199148,0.13486217,-0.12270768,0.11015115
45,0.15478364,0.06826029,0.06805933,0.14122675,-0.06198067,-0.0996681,0.18910675,0.035808034,0.08724806,0.08154165,-0.102096036,-0.2191472,0.18095878,0.24000606,0.032834444,0.07236537,-0.014495214,-0.019419277,0.11207988,0.24901065,0.080528945,0.08288489,0.016425438,0.0983956,0.13416368,0.16523854,0.15467934,0.11847264,0.010110492,0.17462982,0.18397564,0.098415695,0.19115655,0.13461956,-0.12082174,0.11030929
46,0.15573162,0.068160124,0.069420494,0.1412545,-0.061183937,-0.09901171,0.19043723,0.03350038,0.08870555,0.08160013,-0.10212712,-0.22112612,0.18183158,0.23870051,0.032550875,0.0721327,-0.013830139,-0.020485438,0.11189434,0.24840459,0.080444954,0.08233298,0.01748289,0.09796675,0.13419357,0.164534,0.15472753,0.11804183,0.011463726,0.17432135,0.18386072,0.09781599,0.19089489,0.13433276,-0.11886262,0.110204384
47,0.15433526,0.069262214,0.06825712,0.14289437,-0.061616983,-0.09843307,0.18960556,0.032022826,0.08778695,0.082228854,-0.10390126,-0.22269173,0.1808372,0.23882107,0.030947944,0.07188642,-0.015087524,-0.020759923,0.11068888,0.24877924,0.07974499,0.08153431,0.016377598,0.0979293,0.13385028,0.16470732,0.1545944,0.11703648,0.010560394,0.17432895,0.18387036,0.09823543,0.1908674,0.13332455,-0.11792858,0.110652655
48,0.15556283,0.07028224,0.069896124,0.14400825,-0.05876564,-0.09696482,0.19070171,0.03065198,0.08903876,0.08339825,-0.10175693,-0.22337328,0.18116845,0.23738307,0.030616703,0.072880775,-0.012646589,-0.020912338,0.11019937,0.24767411,0.07962286,0.08234443,0.018852115,0.09779233,0.1337564,0.16361573,0.15445986,0.117965765,0.012672781,0.1739291,0.18353823,0.097448274,0.19032063,0.13432966,-0.11780776,0.110109664
49,0.15357494,0.07106067,0.06788872,0.14476101,-0.0606243,-0.096859574,0.18925591,0.029971639,0.08731342,0.08346735,-0.1048135,-0.22573386,0.17936131,0.23867741,0.027930478,0.07175524,-0.01530026,-0.022454517,0.10810947,0.24922411,0.07818478,0.08059944,0.016648639,0.097240366,0.13271819,0.16443928,0.15392353,0.11601372,0.011123471,0.17414472,0.18305615,0.0979565,0.18994288,0.13241953,-0.11563684,0.11166507
50,0.15640213,0.072106786,0.07111915,0.1447084,-0.05776445,-0.0959442,0.19171906,0.02921382,0.09004767,0.084507294,-0.10205317,-0.22687802,0.18065794,0.23652348,0.028422732,0.07289348,-0.012703068,-0.024297759,0.10827034,0.24764518,0.07855991,0.08161459,0.019469535,0.0959764,0.13296959,0.16279712,0.15407735,0.117274255,0.013710142,0.17305693,0.18267232,0.096526995,0.18929023,0.13384314,-0.11546765,0.11091642
51,0.1545928,0.074780166,0.06939316,0.1445782,-0.058283247,-0.09567773,0.19069214,0.029575229,0.08888458,0.08384883,-0.10382246,-0.22912174,0.17965382,0.2377762,0.026878234,0.0718268,-0.014243303,-0.02574835,0.10724867,0.24904133,0.07811871,0.08008878,0.018007724,0.09506787,0.13288403,0.16362338,0.15444192,0.115578465,0.012608923,0.17287953,0.18303058,0.096999586,0.18973343,0.1321812,-0.11367481,0.111938454
52,0.15516816,0.07667229,0.07039335,0.14465904,-0.05604352,-0.09448103,0.19142565,0.028976813,0.08980708,0.08411376,-0.1022143,-0.2297575,0.1799522,0.23593515,0.026973208,0.072374836,-0.012571715,-0.026174456,0.10722182,0.24753973,0.07846711,0.08041415,0.019589728,0.094366655,0.13327375,0.1623826,0.15468134,0.115924664,0.014028132,0.17199548,0.18298008,0.096367404,0.1894151,0.13261725,-0.11295424,0.111426085
53,0.15473054,0.07731378,0.070292786,0.14369322,-0.055476993,-0.09312788,0.19172834,0.027338443,0.0901897,0.08345411,-0.102393866,-0.22994806,0.18052703,0.23426718,0.027033607,0.071650825,-0.012273308,-0.025759686,0.10746557,0.24651965,0.07877573,0.079296455,0.019977873,0.0943789,0.13372342,0.16179688,0.1548765,0.11474387,0.014747838,0.17179349,0.18306592,0.096723974,0.18923397,0.13152908,-0.110183686,0.11182143
54,0.15447572,0.078765474,0.07042609,0.14587241,-0.056445114,-0.09353378,0.19212438,0.026281977,0.09067651,0.08448032,-0.104423694,-0.23219769,0.18073769,0.23390703,0.026627693,0.071970485,-0.014203651,-0.027395008,0.10741166,0.24671899,0.07899344,0.07897517,0.0183155,0.09355826,0.13423763,0.16179521,0.1555675,0.11424263,0.013192463,0.1712606,0.18380243,0.096888825,0.18995945,0.13103336,-0.11077391,0.11154739
55,0.15428324,0.07968078,0.07041181,0.14820112,-0.053906027,-0.092159204,0.19153471,0.025411222,0.08998993,0.08650684,-0.1025599,-0.23255311,0.17908135,0.23399073,0.024389165,0.07328615,-0.0119562885,-0.02696341,0.10510024,0.24685703,0.07736853,0.08008619,0.02069111,0.0943011,0.13279973,0.16130984,0.15453234,0.11545755,0.015018378,0.17171398,0.18299726,0.09588949,0.18920504,0.1322104,-0.11148851,0.11130141
56,0.153028,0.08122646,0.0694447,0.14818276,-0.054381613,-0.091479234,0.19102082,0.024830403,0.08945777,0.08606068,-0.10399143,-0.23341274,0.17866097,0.23342234,0.023287805,0.07288085,-0.013077432,-0.027235612,0.10431323,0.24677314,0.07683827,0.079170726,0.019833624,0.09425356,0.13257082,0.16119686,0.15435989,0.114378355,0.014406084,0.17152202,0.18293335,0.0961671,0.18905203,0.13115194,-0.11012316,0.11147154
57,0.15348627,0.080772914,0.07015754,0.14653145,-0.05472362,-0.09069315,0.19192642,0.023179526,0.09044797,0.08542585,-0.10448038,-0.23380615,0.17933838,0.23119912,0.023140674,0.072216794,-0.013291262,-0.027947575,0.104221635,0.24543603,0.076697156,0.0781103,0.020077584,0.09375959,0.13248996,0.16014189,0.15398966,0.113339424,0.015217235,0.17096856,0.18229234,0.095980346,0.1881092,0.13026915,-0.10720244,0.11174555
58,0.15420145,0.08262936,0.07134117,0.14852437,-0.05414491,-0.0907272,0.19307013,0.022811687,0.091778964,0.08643448,-0.10486997,-0.23596984,0.1800461,0.2305972,0.022939697,0.07314304,-0.013672995,-0.029793799,0.10417638,0.24544816,0.07686963,0.078535594,0.02000704,0.09292958,0.13289553,0.15981296,0.15460698,0.11374045,0.014941764,0.17032214,0.18292414,0.095475934,0.18873155,0.13069019,-0.10838019,0.11091899
59,0.15270847,0.08550685,0.06983721,0.14812247,-0.053131137,-0.08962249,0.1921252,0.024171054,0.09071131,0.085969836,-0.104725525,-0.2367034,0.17923477,0.23204185,0.021932205,0.07250743,-0.013643422,-0.030488059,0.103542574,0.24690726,0.076775394,0.07764846,0.019865949,0.09230198,0.13303527,0.16070056,0.15516397,0.11280603,0.014768459,0.17030337,0.1834675,0.0959023,0.18935736,0.12975894,-0.10743458,0.111735106
60,0.15299319,0.08533811,0.07027796,0.14703345,-0.051220886,-0.08781004,0.19245934,0.023095062,0.09103334,0.08572613,-0.10312594,-0.23633876,0.17914388,0.2310432,0.02067578,0.07247853,-0.011472472,-0.029840069,0.10222782,0.24649127,0.0755374,0.07747807,0.022457175,0.09320524,0.13186926,0.16006376,0.15402849,0.1128546,0.01739952,0.17085475,0.182392,0.09522001,0.18817085,0.12989353,-0.10521951,0.111977965
61,0.1541938,0.08451383,0.072086394,0.14806758,-0.05333514,-0.0885355,0.1945947,0.020290932,0.0934731,0.0859519,-0.10588029,-0.23841643,0.18134353,0.22824626,0.021746738,0.07242671,-0.013858406,-0.03154693,0.10350833,0.24500656,0.07638839,0.07673264,0.02073397,0.092510626,0.13287793,0.15902779,0.15465677,0.112004794,0.016206142,0.17001104,0.18294841,0.09528022,0.1884499,0.12915027,-0.10453459,0.11108024
62,0.15321183,0.08623161,0.07114414,0.14967303,-0.053219844,-0.08799096,0.19378445,0.02042685,0.09252177,0.08723464,-0.10647535,-0.23918296,0.18007684,0.22893803,0.019936908,0.072872475,-0.014493961,-0.03231204,0.10198503,0.24598244,0.07544493,0.07665517,0.02032378,0.092390746,0.13220751,0.15936512,0.15439679,0.11182234,0.015654132,0.17021455,0.1828501,0.095351204,0.18842255,0.12891904,-0.10499464,0.11152437
63,0.15306684,0.08920192,0.070990406,0.15108451,-0.049993183,-0.08661026,0.19323826,0.022052616,0.091878444,0.08869597,-0.103892565,-0.23970702,0.17860852,0.2303765,0.018101178,0.07408416,-0.012091376,-0.032889776,0.10011559,0.24723583,0.0744075,0.07775862,0.022630412,0.09223819,0.131309,0.15963343,0.1541204,0.113052666,0.017242674,0.17042266,0.18262488,0.09456684,0.18834871,0.13010009,-0.10633351,0.11162448
64,0.15211433,0.08921716,0.07028439,0.14927477,-0.051496547,-0.08580559,0.19335337,0.020836174,0.09200398,0.08701126,-0.1060353,-0.23984048,0.1793746,0.22919545,0.017658062,0.07278443,-0.013704296,-0.032656144,0.10004827,0.24697518,0.074008085,0.07597476,0.02156274,0.09281972,0.13114277,0.15961078,0.15371273,0.11117455,0.01677537,0.17064598,0.18237317,0.09536566,0.18791103,0.12829386,-0.10343099,0.11203666
65,0.15354405,0.08792404,0.07202554,0.148252,-0.050707847,-0.0846773,0.19499163,0.019240856,0.09383252,0.08660609,-0.10531269,-0.23960826,0.180822,0.22691014,0.017839782,0.07288498,-0.012595851,-0.032602575,0.10009597,0.24561173,0.07362826,0.07587852,0.023233129,0.09329834,0.13074915,0.15848993,0.15296568,0.11127133,0.018656759,0.17062476,0.18156691,0.09483019,0.18684776,0.12851565,-0.10174042,0.11159618
66,0.15395069,0.09034354,0.072819926,0.14990133,-0.050624054,-0.08491909,0.19593513,0.019559892,0.09494305,0.087382555,-0.106022224,-0.24150969,0.18156973,0.22646248,0.018227812,0.073504925,-0.013558432,-0.034581665,0.100669354,0.2456527,0.07450589,0.076012366,0.022365062,0.091967516,0.13180107,0.15834065,0.15416779,0.111293584,0.017638292,0.16967447,0.18263227,0.09480786,0.18786553,0.12855048,-0.102948785,0.111014314
67,0.15320134,0.09034962,0.07222709,0.15195705,-0.049943995,-0.08380059,0.19528407,0.018219398,0.094151914,0.088629834,-0.10622603,-0.24205995,0.18034723,0.2272624,0.015825182,0.07395278,-0.01307653,-0.033944994,0.09846209,0.2468263,0.07262576,0.07610685,0.023260742,0.09332193,0.13022633,0.15883373,0.15302056,0.111421406,0.01833169,0.17072923,0.18195572,0.0946472,0.1873544,0.12861656,-0.10284789,0.1112869
68,0.15192376,0.0909387,0.07100628,0.15284845,-0.049814567,-0.08253547,0.19434948,0.017867329,0.093058005,0.08904157,-0.1069045,-0.24216965,0.17926984,0.22807714,0.01390995,0.07373804,-0.013508234,-0.033706553,0.09687896,0.2479941,0.07136836,0.07547454,0.02309223,0.09393087,0.12926139,0.15951231,0.15235719,0.11072897,0.018192995,0.17134148,0.18155453,0.09509496,0.18702422,0.12789233,-0.102046624,0.11202053
69,0.15429431,0.0911736,0.0736226,0.15119186,-0.049495682,-0.082336806,0.19704686,0.017909944,0.0960849,0.088342585,-0.10645092,-0.24302346,0.18177947,0.22573133,0.01540524,0.07370479,-0.013425262,-0.036094762,0.09828468,0.24669668,0.07239015,0.075139284,0.023611503,0.092292584,0.13023037,0.15835646,0.15299465,0.11055568,0.019017877,0.16997476,0.18172073,0.09457015,0.18687408,0.12790442,-0.10095218,0.11130295
70,0.1550948,0.0937418,0.07443884,0.15051667,-0.048574783,-0.081946604,0.19818924,0.019991657,0.09735795,0.08805478,-0.10584555,-0.24388762,0.18291613,0.22612505,0.01584952,0.073883146,-0.013401991,-0.038297307,0.09888115,0.24756412,0.07304968,0.07503691,0.02378624,0.090839945,0.13098682,0.15867415,0.15397082,0.1105525,0.019064331,0.16922086,0.18250684,0.09446049,0.18765634,0.1279531,-0.101491585,0.1110354
71,0.15278599,0.09280729,0.07234914,0.15164053,-0.047348496,-0.07908231,0.19604765,0.017278248,0.0949752,0.0890229,-0.1053081,-0.24146877,0.18064398,0.22501394,0.0136985,0.07367332,-0.012193407,-0.034793627,0.09679902,0.24650769,0.07146775,0.07458942,0.024807468,0.09287231,0.1296403,0.1580649,0.1523997,0.10995388,0.02003054,0.17004535,0.18130071,0.09504831,0.18620503,0.12729496,-0.09943728,0.111617506
72,0.15213323,0.09435131,0.07183981,0.15173991,-0.047578365,-0.07821584,0.19593485,0.017919553,0.09485631,0.08889962,-0.10613448,-0.24182703,0.1805241,0.22513252,0.013065151,0.07336616,-0.013342159,-0.03587164,0.09645503,0.24707305,0.071365185,0.073815875,0.023788761,0.09198876,0.1297508,0.1583978,0.1526124,0.109079376,0.019167352,0.16945736,0.18140748,0.09552377,0.18624938,0.12645306,-0.09888395,0.111917615
73,0.15388845,0.09502005,0.0741128,0.15468316,-0.048042294,-0.078744054,0.19832782,0.01690492,0.09758503,0.090231664,-0.107436255,-0.24391066,0.18282466,0.22417215,0.014143083,0.07443074,-0.0146826245,-0.037904393,0.097721756,0.24705023,0.072277434,0.07433504,0.022940319,0.09127616,0.13083681,0.15822662,0.15369429,0.109583296,0.018172605,0.16889347,0.18255442,0.09545596,0.18735862,0.12696818,-0.10097122,0.110686444
74,0.1529358,0.095339105,0.07339653,0.155641,-0.04715378,-0.07718168,0.19767353,0.015653806,0.09685635,0.09072223,-0.10734849,-0.24359027,0.18204543,0.22372419,0.01282963,0.07439816,-0.014135423,-0.03673751,0.09655125,0.24693598,0.07143405,0.07398261,0.023592936,0.092267446,0.13019355,0.15810218,0.15309395,0.10916807,0.018786896,0.16943502,0.18215095,0.09573823,0.1868688,0.1265362,-0.09976018,0.11111139
75,0.15379366,0.095062464,0.074188255,0.15429035,-0.044897567,-0.07551257,0.19809598,0.01560999,0.09729037,0.09060051,-0.104952544,-0.2430186,0.1817804,0.22301036,0.011877285,0.07447937,-0.011538534,-0.03651998,0.09535855,0.24654204,0.070436366,0.07412973,0.026411412,0.09259553,0.12911664,0.1574258,0.15206273,0.10960132,0.021645065,0.16970333,0.18091813,0.09486931,0.18552953,0.12708355,-0.09781504,0.11157697
76,0.1520256,0.09765083,0.072240554,0.1541526,-0.047322802,-0.07605672,0.19732763,0.018006608,0.09637347,0.08944344,-0.10824743,-0.24560577,0.18141022,0.22631577,0.010538434,0.07295325,-0.0152166905,-0.03974217,0.09484609,0.25026274,0.07017801,0.07206144,0.023078931,0.09089975,0.12920278,0.15989673,0.15290545,0.10744191,0.018806119,0.16958629,0.1817307,0.09592132,0.18670198,0.124953225,-0.09731381,0.11293174
77,0.15501897,0.099779695,0.075404495,0.15438665,-0.04424266,-0.07533359,0.19997147,0.019628853,0.09937449,0.09047378,-0.105123214,-0.24603711,0.1833725,0.22479112,0.0120646125,0.074635655,-0.012793078,-0.04181209,0.09599621,0.24923167,0.07138614,0.0736186,0.025561383,0.08927221,0.13029492,0.15869589,0.15392707,0.109245054,0.020786194,0.16827063,0.18231088,0.094758585,0.18707305,0.12684466,-0.098979935,0.11168963
78,0.15444332,0.09775687,0.07497398,0.15283634,-0.04563628,-0.07361541,0.20008324,0.017652132,0.09945748,0.08912061,-0.10682285,-0.24460742,0.18405019,0.2233915,0.011346084,0.073249884,-0.013917397,-0.040370215,0.095565856,0.2487915,0.07035209,0.07179429,0.025023114,0.09069458,0.12944652,0.15867428,0.15265587,0.10738041,0.020933757,0.16896443,0.18126522,0.095739715,0.1858087,0.12504974,-0.09533917,0.11243696
79,0.15271355,0.09642436,0.073474556,0.15570375,-0.045717105,-0.071774326,0.19844091,0.014790104,0.09759229,0.09104175,-0.10770162,-0.24346715,0.1819356,0.22281264,0.008741616,0.07357538,-0.014154407,-0.038102776,0.09314449,0.2485519,0.06831175,0.071626395,0.024991674,0.09263548,0.12774025,0.15849252,0.15095374,0.107013024,0.020869628,0.17001396,0.18008815,0.09624438,0.18455543,0.12457727,-0.09457213,0.11298983
80,0.1531663,0.09976927,0.07425865,0.1577018,-0.044227272,-0.07102637,0.19904685,0.015955033,0.09834822,0.09271358,-0.10675183,-0.24355343,0.18209939,0.2214071,0.009206874,0.07511293,-0.014014671,-0.039349858,0.09356569,0.24745618,0.06929774,0.07264647,0.024916664,0.09113017,0.12890536,0.1575519,0.1520491,0.10782145,0.020244716,0.1684214,0.18099192,0.09625095,0.18520042,0.12532958,-0.096776314,0.111961946
81,0.15430129,0.10139016,0.07592206,0.15748116,-0.045811724,-0.071799874,0.20142972,0.016152263,0.10111078,0.09154733,-0.10891296,-0.2452034,0.18529536,0.21917517,0.011703707,0.07485325,-0.016498318,-0.041734878,0.09631306,0.24627504,0.07152924,0.071840905,0.022768244,0.08943387,0.13125485,0.15686505,0.1539723,0.106876574,0.018363085,0.16675253,0.1826806,0.09679331,0.18656524,0.1244765,-0.09704511,0.110548094
82,0.15314662,0.09971453,0.07471458,0.15851533,-0.04395948,-0.06885661,0.19996648,0.014099569,0.09939561,0.09273699,-0.10750733,-0.24311465,0.18327542,0.21940565,0.008973824,0.0749973,-0.014294216,-0.03874304,0.09355536,0.24664487,0.0690589,0.071944885,0.025114268,0.092009045,0.12900648,0.15690136,0.15185265,0.10712524,0.020473285,0.16827507,0.18114866,0.09676127,0.18501763,0.12465767,-0.09586238,0.11082883
83,0.15200032,0.102198824,0.07333596,0.15792689,-0.043769225,-0.06813545,0.19905299,0.016254997,0.0983149,0.09235745,-0.10777472,-0.24378628,0.18220744,0.22127903,0.007276248,0.074535206,-0.014833207,-0.040135067,0.09221858,0.24876975,0.068262495,0.07115021,0.024749754,0.091284394,0.12843342,0.15806098,0.1518337,0.10636194,0.020133868,0.16830729,0.18112484,0.09703331,0.18515797,0.12390525,-0.095414884,0.1117067
84,0.15307403,0.103040405,0.07448894,0.15908876,-0.04321702,-0.06801568,0.20007476,0.016813295,0.099447004,0.09342976,-0.107402876,-0.2446588,0.18262783,0.22077203,0.0069286004,0.07554103,-0.01477846,-0.041951463,0.09185018,0.24888371,0.068035014,0.07175875,0.025184441,0.09040654,0.12828743,0.15767232,0.15185373,0.107066356,0.020438096,0.16779679,0.1810505,0.09638271,0.18504494,0.12464856,-0.09656545,0.11118327
85,0.15470168,0.101079814,0.076560095,0.1602024,-0.044112314,-0.06869505,0.20212519,0.014647662,0.10178114,0.09353933,-0.10858505,-0.24627173,0.18462017,0.21838082,0.007811795,0.07588879,-0.015578438,-0.043165438,0.09268846,0.24745788,0.068300806,0.07182254,0.02501885,0.09035369,0.12855817,0.15645653,0.15180866,0.1072301,0.020554066,0.16748814,0.18100527,0.09570829,0.18479572,0.124922484,-0.096501864,0.11001032
86,0.1533203,0.10358135,0.074808486,0.15799822,-0.04452143,-0.06840446,0.20101385,0.017598713,0.10048284,0.091886975,-0.109213986,-0.24707267,0.18366002,0.22036499,0.0063032596,0.0747102,-0.016543051,-0.044900224,0.09157741,0.24963166,0.067587234,0.07043704,0.024241727,0.0893609,0.12798859,0.15772682,0.15174417,0.10588471,0.020061925,0.16750492,0.18080324,0.09602283,0.18476646,0.123634465,-0.09498834,0.111335725
87,0.15306284,0.10263163,0.07456957,0.15677324,-0.04469044,-0.06730739,0.2009648,0.016905108,0.100397706,0.09105967,-0.10951381,-0.24649625,0.18370573,0.21949326,0.0055082184,0.07402529,-0.016538333,-0.044391315,0.090871096,0.24934065,0.066734575,0.069522575,0.024605062,0.09008469,0.12718585,0.1574791,0.15078259,0.1050289,0.020767272,0.16796581,0.17987518,0.096223235,0.18368867,0.12284953,-0.09274534,0.1118805
88,0.15455283,0.102274746,0.07627436,0.1579326,-0.042295042,-0.06618494,0.20206872,0.016194334,0.10166262,0.092390135,-0.10725405,-0.24609323,0.18417574,0.21782616,0.005620928,0.07545479,-0.014218055,-0.044075713,0.09061376,0.24799134,0.066530526,0.07092172,0.02705101,0.09048797,0.1269297,0.15617992,0.15037906,0.10660374,0.022840803,0.16790636,0.17946105,0.09523545,0.18308273,0.12444765,-0.09356912,0.110972345
89,0.15358554,0.1040756,0.075561315,0.16060306,-0.04316878,-0.066696785,0.2019416,0.016862122,0.101563275,0.09291486,-0.10922539,-0.24806055,0.18448538,0.21950957,0.005472729,0.075631894,-0.016324328,-0.04560205,0.090975635,0.24992715,0.06700693,0.07070624,0.025067504,0.08989001,0.1276809,0.15752585,0.15154289,0.106260106,0.020652896,0.1678915,0.18087274,0.0958964,0.18471377,0.12403062,-0.09573417,0.110681884
90,0.15346305,0.10452847,0.07565519,0.16158499,-0.042339515,-0.066004835,0.20196116,0.016383205,0.101609565,0.09354482,-0.108843856,-0.24841858,0.18422545,0.21882279,0.0050703897,0.07597409,-0.015873494,-0.04572793,0.090571664,0.24956752,0.06692242,0.07081787,0.025535109,0.089796335,0.12767424,0.15712437,0.1515687,0.106367886,0.021043258,0.16772048,0.1808648,0.095738895,0.18461035,0.124154,-0.09561963,0.11058239
91,0.15351617,0.10161213,0.075653665,0.15840632,-0.04210931,-0.063763745,0.20208016,0.0149795525,0.10169585,0.09165575,-0.10831667,-0.24607782,0.18470241,0.21700601,0.0046471776,0.07456777,-0.014867603,-0.04375726,0.09009388,0.24838938,0.06591184,0.06940074,0.02689788,0.09129263,0.12658247,0.15646891,0.14995012,0.105145745,0.02305719,0.1684552,0.17919673,0.09604037,0.18264285,0.12308395,-0.09121595,0.11141403
92,0.15306737,0.103052646,0.07557401,0.161193,-0.042516135,-0.06417094,0.202191,0.015099673,0.101890564,0.092738934,-0.10949019,-0.24752837,0.18485877,0.21687143,0.004923683,0.07526378,-0.016381895,-0.04521682,0.09060196,0.2485086,0.06672723,0.069691196,0.025375582,0.090198636,0.12756145,0.15646595,0.15105508,0.105277695,0.021370279,0.16767913,0.18027867,0.09620096,0.1837062,0.12318807,-0.09327071,0.11071971
93,0.15311815,0.103562124,0.07574569,0.16121294,-0.04126045,-0.0632591,0.20236854,0.015538758,0.10209722,0.09253603,-0.10868106,-0.24785654,0.18492968,0.217051,0.0043210965,0.0754453,-0.015493389,-0.045463517,0.0900282,0.24900413,0.066217735,0.06978795,0.026476733,0.090431,0.12712893,0.15658362,0.1508018,0.10552641,0.02241274,0.16796906,0.18007615,0.09584512,0.1835479,0.123474136,-0.09295932,0.11075454
94,0.15302125,0.10573504,0.07574544,0.16128449,-0.04169416,-0.0636758,0.20277566,0.017210124,0.10259948,0.09219291,-0.10939497,-0.24895293,0.1856097,0.21687685,0.0052952957,0.07531751,-0.016853714,-0.04760115,0.09121238,0.2490754,0.067656346,0.06935849,0.025001481,0.08839228,0.12863308,0.1565989,0.15233657,0.10498598,0.020996196,0.16658276,0.18127048,0.096135,0.1846422,0.122982286,-0.09355544,0.11045485
95,0.1516641,0.10441019,0.07424446,0.15911692,-0.038447168,-0.05955927,0.20071606,0.016138246,0.10024395,0.0919698,-0.106104806,-0.24478357,0.18311097,0.21567875,0.0026124665,0.07506981,-0.01298743,-0.04319091,0.088222004,0.24779348,0.06504934,0.06924887,0.028812854,0.09130161,0.12606792,0.15561803,0.14953461,0.10503079,0.024815956,0.16813616,0.17874177,0.0959257,0.18186615,0.12302859,-0.089692794,0.11167485
96,0.15149464,0.10614723,0.07466304,0.1648002,-0.042275377,-0.062413346,0.20178267,0.015352945,0.101509996,0.093985446,-0.11105149,-0.24902304,0.18413474,0.21563031,0.002689043,0.07627319,-0.018103225,-0.04714474,0.08886805,0.24868974,0.06562811,0.06948324,0.024413105,0.08954778,0.12703,0.15588602,0.15082167,0.10495157,0.020449188,0.16716063,0.18025982,0.09594759,0.18352604,0.12288762,-0.093833834,0.1101416
97,0.15349904,0.10615335,0.076466456,0.16413257,-0.04133967,-0.062114645,0.20354427,0.016757105,0.10343308,0.09375808,-0.109985165,-0.24970151,0.18551368,0.21608761,0.0028316756,0.07669015,-0.017253855,-0.049085636,0.08890868,0.24962053,0.06534722,0.069880664,0.025737952,0.08872142,0.12666795,0.15607181,0.15062232,0.10569959,0.02183891,0.16697776,0.17980807,0.09517325,0.18312494,0.12376457,-0.09407524,0.109948404
98,0.1534475,0.10400834,0.07615283,0.15948838,-0.04146385,-0.059877116,0.20367067,0.01671444,0.10350168,0.090787224,-0.10975893,-0.24753776,0.18621647,0.21522427,0.0024611817,0.07456118,-0.016775016,-0.047876444,0.088624485,0.24933827,0.06446198,0.06777475,0.026536623,0.08958693,0.12571774,0.15611029,0.1492191,0.10379842,0.023406653,0.16743919,0.178206,0.09593214,0.18126956,0.12204664,-0.08901358,0.11124194
99,0.1535353,0.10665138,0.07636485,0.16154695,-0.040283207,-0.059510212,0.20408085,0.018566577,0.103990875,0.09175863,-0.10941256,-0.24879962,0.18655095,0.21677044,0.0022816588,0.07551822,-0.016834257,-0.049558215,0.08866146,0.251114,0.06482876,0.06842523,0.026538147,0.088675596,0.12625474,0.15709794,0.15023386,0.104484886,0.022959083,0.16720812,0.17925423,0.096008316,0.18249781,0.122687265,-0.09142355,0.11095127
100,0.15452856,0.105284356,0.07777793,0.16245872,-0.04074177,-0.05950225,0.20569003,0.016598182,0.1058135,0.09172182,-0.11035828,-0.2497562,0.18839434,0.21512967,0.0031003358,0.07557679,-0.017380053,-0.04993592,0.08954644,0.25032735,0.06523487,0.06819107,0.026426112,0.089036696,0.12669815,0.15651529,0.15041733,0.10431739,0.023029855,0.16726306,0.17949894,0.0960046,0.18257685,0.12259476,-0.09107218,0.11025196
