Epoch,Layer0_theta_1,Layer0_r,Layer0_theta_2,Layer0_bx,Layer0_bp,Layer0_gamma,Layer1_theta_1,Layer1_r,Layer1_theta_2,Layer1_bx,Layer1_bp,Layer1_gamma,Layer2_theta_1,Layer2_r,Layer2_theta_2,Layer2_bx,Layer2_bp,Layer2_gamma,Layer3_theta_1,Layer3_r,Layer3_theta_2,Layer3_bx,Layer3_bp,Layer3_gamma,Layer4_theta_1,Layer4_r,Layer4_theta_2,Layer4_bx,Layer4_bp,Layer4_gamma,Layer5_theta_1,Layer5_r,Layer5_theta_2,Layer5_bx,Layer5_bp,Layer5_gamma
1,0.048456475,0.005911527,0.048695594,0.005859311,-0.008563718,-0.044668578,0.039077282,0.026621366,0.040276196,0.020879544,-0.0069002444,-0.028659923,0.032669038,0.024440091,0.03390462,0.027536908,-0.009179277,-0.026706679,0.027158683,0.021399185,0.028046945,0.030427601,-0.01406674,-0.02897907,0.021492109,0.022381695,0.021843497,0.031533957,-0.02350705,-0.03390226,0.014655283,0.032677025,0.0143978065,0.03142358,-0.048399795,-0.0431832
2,0.07347084,0.053105097,0.07304881,0.008060772,-0.014572577,-0.08285849,0.057486244,0.07746054,0.058451816,0.049017325,-0.010122296,-0.044421177,0.0465545,0.0694431,0.04832791,0.06122593,-0.01633617,-0.035546646,0.038137585,0.0605807,0.039735112,0.06587884,-0.028190436,-0.035923053,0.030263107,0.058493752,0.03107865,0.067929156,-0.049038317,-0.04265345,0.020963294,0.070697166,0.020676265,0.06875027,-0.09753114,-0.061772484
3,0.07350481,0.08323589,0.074708916,0.022779895,-0.029779678,-0.0991162,0.05417587,0.10467063,0.056371585,0.072965436,-0.025948111,-0.048889533,0.04268699,0.091137275,0.045709554,0.08365119,-0.03410132,-0.03563255,0.034651425,0.07923232,0.03753599,0.08610497,-0.048960097,-0.033995267,0.027693579,0.077414945,0.029474443,0.08662919,-0.07472404,-0.040643204,0.019471016,0.09289428,0.019326145,0.08706518,-0.13299437,-0.06344092
4,0.066900544,0.07795191,0.07334326,0.033741977,-0.049444374,-0.10606247,0.0491829,0.09303731,0.0533509,0.087302834,-0.047801863,-0.056685973,0.039446473,0.07684076,0.043538615,0.09327935,-0.054772448,-0.042721264,0.032643292,0.067345455,0.036609847,0.0917171,-0.06880339,-0.04104085,0.026878936,0.071382955,0.028856784,0.089970596,-0.09516072,-0.04834026,0.018903075,0.09515807,0.01720156,0.089763165,-0.1567807,-0.07258874
5,0.050825827,0.06941438,0.0611669,0.03772074,-0.062224433,-0.09708049,0.040495835,0.07390664,0.045021962,0.09604642,-0.06272373,-0.05270632,0.0343029,0.0561075,0.0383617,0.09758233,-0.067126445,-0.04054975,0.029759953,0.05130576,0.03391472,0.09267571,-0.07865296,-0.04077499,0.025872346,0.061999597,0.027180593,0.08985059,-0.10370778,-0.05006458,0.018376568,0.09252776,0.014209462,0.09023841,-0.16758187,-0.0788303
6,0.031501625,0.06805952,0.044222407,0.03365789,-0.07622781,-0.0890462,0.03118223,0.060794093,0.035159297,0.09783635,-0.07808117,-0.048578586,0.030594766,0.041701153,0.034065675,0.096306495,-0.08006834,-0.038048565,0.030121416,0.04174228,0.033977147,0.08919838,-0.089364454,-0.040293097,0.029578855,0.058059633,0.030031975,0.08613227,-0.113224,-0.051785987,0.02395306,0.09281855,0.017632287,0.08762367,-0.17954427,-0.086945556
7,0.03052597,0.07398512,0.04583452,0.041546743,-0.07927584,-0.082738206,0.033521943,0.053974036,0.038005017,0.105941355,-0.08238223,-0.04423227,0.033945955,0.03197552,0.0378142,0.09970147,-0.08211015,-0.034589104,0.03412135,0.034869403,0.0384192,0.089371495,-0.08964904,-0.038981307,0.034294937,0.053959537,0.03462513,0.08513715,-0.11271985,-0.053628553,0.02880149,0.08956994,0.020889418,0.08686854,-0.18114974,-0.097201675
8,0.0256745,0.08804317,0.042783424,0.0508988,-0.08101748,-0.085037924,0.030625064,0.057984345,0.03533588,0.11363781,-0.085124604,-0.043572765,0.031864647,0.032486454,0.035917025,0.10326296,-0.08342304,-0.031994455,0.0329214,0.036465757,0.037531205,0.09027802,-0.089938454,-0.036146667,0.034416262,0.056090906,0.03485054,0.08514014,-0.1127145,-0.051958382,0.03031149,0.09026188,0.021555975,0.087164216,-0.18324137,-0.102414645
9,0.026466193,0.099079534,0.04519354,0.059508402,-0.07991744,-0.08628822,0.032283105,0.060821906,0.037186593,0.120267995,-0.08439719,-0.042365033,0.0334299,0.032555908,0.037687063,0.1062143,-0.08133464,-0.029708214,0.034693968,0.037340067,0.03950122,0.09098463,-0.087087594,-0.03446879,0.03670963,0.056853343,0.03696302,0.08508295,-0.10971172,-0.052300077,0.032905,0.089487374,0.02302491,0.08714067,-0.18172146,-0.10954923
10,0.020637562,0.1069813,0.041151986,0.062374197,-0.080319114,-0.087004565,0.030106973,0.061292022,0.034909364,0.1233087,-0.084502965,-0.041019846,0.0329655,0.03106579,0.03714722,0.10665821,-0.08007365,-0.028221425,0.035732314,0.03701673,0.040380146,0.09011454,-0.08513001,-0.034344345,0.03893424,0.056563262,0.038462497,0.08416869,-0.10763454,-0.05465755,0.03527219,0.08834381,0.02369856,0.086556114,-0.18115303,-0.1185896
11,0.016210355,0.112800084,0.0386987,0.064426474,-0.079636656,-0.086668804,0.029268917,0.060047854,0.03390607,0.12588397,-0.08331777,-0.03918397,0.033589873,0.02823389,0.03768322,0.10676282,-0.077487454,-0.026978385,0.037749708,0.035674162,0.042177454,0.08897507,-0.081960216,-0.035214745,0.041958243,0.055395063,0.04061214,0.08301416,-0.10442398,-0.058556806,0.038076468,0.08658125,0.024633445,0.08564497,-0.17908211,-0.1288793
12,0.012357105,0.11870889,0.03643002,0.0664189,-0.079154976,-0.08756746,0.028517678,0.059953615,0.032782093,0.127987,-0.08235732,-0.038060002,0.03423599,0.026994381,0.03817574,0.1063511,-0.075452,-0.026503468,0.0399449,0.03619462,0.044092648,0.087270215,-0.07970153,-0.03679037,0.045386624,0.056173857,0.043157484,0.08125698,-0.102304496,-0.062684834,0.041682385,0.08671907,0.026538689,0.084096834,-0.17772596,-0.13809882
13,0.008990786,0.12510534,0.03473368,0.069263354,-0.07750981,-0.08906156,0.027749257,0.060499117,0.031591706,0.13083054,-0.0804058,-0.037174426,0.03438636,0.02600042,0.03815248,0.10662923,-0.072562836,-0.026164839,0.041332964,0.036780316,0.045176942,0.086169094,-0.07670366,-0.038544744,0.04776305,0.057044305,0.044648044,0.07998087,-0.099547274,-0.06693147,0.044107843,0.08705511,0.027285011,0.08294985,-0.17568393,-0.14679973
14,0.0045844,0.1315104,0.032267496,0.07248353,-0.074876286,-0.09142978,0.02585696,0.061118092,0.029268628,0.13458483,-0.07759044,-0.036720432,0.03312652,0.024682103,0.03668207,0.10790914,-0.06888716,-0.026100274,0.041098654,0.036845703,0.04460818,0.086056955,-0.07303988,-0.040541835,0.048330385,0.05739679,0.04430294,0.07963726,-0.096328795,-0.07126445,0.04454504,0.08706291,0.026021622,0.08269093,-0.1733032,-0.15486985
15,0.0026338513,0.13711327,0.03198789,0.07577089,-0.072992295,-0.09416374,0.025947206,0.06163491,0.028839305,0.13806397,-0.07549038,-0.03662245,0.03374502,0.023834975,0.037128508,0.1087468,-0.066201404,-0.026832204,0.04279626,0.03783461,0.04596562,0.08533636,-0.07072698,-0.04359991,0.050852597,0.058962476,0.045906853,0.07854611,-0.09466388,-0.07648345,0.047034115,0.08847654,0.026939394,0.08154542,-0.17205301,-0.1628074
16,-0.0015577178,0.14171365,0.029963456,0.07885699,-0.07106671,-0.097529426,0.02434655,0.061171114,0.026814457,0.14215226,-0.073339656,-0.03692287,0.032753363,0.021882301,0.035955068,0.11036446,-0.06343738,-0.027925402,0.042843595,0.037720714,0.045678385,0.08544728,-0.06837803,-0.04697467,0.051639915,0.05952495,0.045778725,0.078317724,-0.09312615,-0.08183495,0.047622778,0.089160256,0.025935255,0.08130096,-0.17116489,-0.17031755
17,-0.0060470933,0.1456456,0.027927242,0.08108921,-0.069511734,-0.10039731,0.022887098,0.0606067,0.024836719,0.1457538,-0.07114099,-0.036253996,0.03198446,0.020383002,0.0349802,0.111420535,-0.060530018,-0.028352974,0.043270182,0.038536027,0.04571261,0.08495504,-0.065881506,-0.049910218,0.05293672,0.06105641,0.046080545,0.07755185,-0.09131974,-0.08669541,0.04887675,0.09056476,0.025572544,0.080579676,-0.16956764,-0.17694926
18,-0.009826523,0.14946485,0.02624713,0.080329694,-0.067801714,-0.101038724,0.022421455,0.060648736,0.023609031,0.14730395,-0.068532154,-0.03376345,0.03243361,0.019911712,0.03518628,0.110875815,-0.0572954,-0.027607184,0.045243494,0.040461592,0.047152344,0.0831907,-0.063037224,-0.052137505,0.055924237,0.063606076,0.04789895,0.075737566,-0.08899022,-0.091054335,0.05189136,0.092824414,0.026907321,0.07887222,-0.16708592,-0.18299957
19,-0.011230674,0.15261279,0.027308986,0.0838617,-0.065532334,-0.10431013,0.022911528,0.060201783,0.023653189,0.15222926,-0.06551307,-0.033078272,0.032763287,0.018620024,0.035395652,0.11321912,-0.053630095,-0.027940046,0.046124745,0.041321624,0.047691196,0.08385883,-0.05998862,-0.05489386,0.057077788,0.065110356,0.0481173,0.07593902,-0.08692411,-0.09539791,0.052547697,0.09434759,0.02608917,0.07890179,-0.16513374,-0.1878683
20,-0.015992248,0.15639022,0.024763562,0.08407398,-0.06553378,-0.10833814,0.021536212,0.060364738,0.021559527,0.15472814,-0.06490667,-0.0332994,0.032515306,0.017766204,0.034920126,0.11349168,-0.052760344,-0.029790921,0.047489863,0.042854194,0.048472464,0.0827648,-0.059797242,-0.05934529,0.05938814,0.06784188,0.04920392,0.07463261,-0.087513626,-0.10094335,0.054879505,0.09760964,0.026809806,0.07761107,-0.16565225,-0.1931449
21,-0.017326998,0.15843491,0.026830787,0.087233715,-0.06200661,-0.10786053,0.022989763,0.058292728,0.022836905,0.1595277,-0.060507067,-0.02955557,0.0339307,0.014927908,0.036336664,0.11566071,-0.047647554,-0.027817404,0.049461734,0.042377234,0.050195854,0.08323569,-0.055240657,-0.060779974,0.061474152,0.06807544,0.05036234,0.0746654,-0.08380392,-0.104872465,0.056119394,0.09803405,0.026454689,0.07746645,-0.16177042,-0.19793673
22,-0.02580483,0.16160657,0.021238666,0.08720331,-0.06274648,-0.11222476,0.019078495,0.058418714,0.018305147,0.16213486,-0.060541146,-0.029617136,0.031609055,0.013874397,0.033746347,0.116143845,-0.047491398,-0.029470818,0.048992,0.043633044,0.049091373,0.08249224,-0.055656206,-0.064702846,0.06210068,0.070712805,0.04972828,0.07384819,-0.08480676,-0.10918398,0.056936845,0.101480536,0.025703652,0.07680194,-0.16263728,-0.20102341
23,-0.026486456,0.16360687,0.024320357,0.08928092,-0.060896352,-0.111539945,0.021929296,0.05701529,0.020856043,0.16573311,-0.057525128,-0.02515884,0.034835566,0.012025663,0.03701108,0.11689035,-0.044003967,-0.027340533,0.053194858,0.044746015,0.052862324,0.08144587,-0.052737392,-0.06640312,0.06652088,0.0730331,0.052985143,0.07234408,-0.08231458,-0.11306337,0.06074332,0.1041246,0.027923653,0.075072825,-0.15895659,-0.2045853
24,-0.033659723,0.16674137,0.021061637,0.09225179,-0.05965737,-0.11595782,0.01868865,0.057358135,0.017218951,0.1708889,-0.055304915,-0.024329476,0.032214355,0.010919876,0.0341781,0.11940526,-0.04121835,-0.027543368,0.051639576,0.045726687,0.05082096,0.0824198,-0.050365917,-0.06890976,0.065425076,0.07496691,0.05079048,0.07307246,-0.08057444,-0.11609103,0.05934517,0.10648527,0.024988124,0.07583343,-0.15705422,-0.20601422
25,-0.033794936,0.1706415,0.023485716,0.09248587,-0.057752557,-0.11872439,0.02102347,0.058813993,0.018989252,0.17398651,-0.052969366,-0.023724051,0.034774218,0.0104432,0.036723476,0.12053988,-0.038824555,-0.028900024,0.055107173,0.046762343,0.05371502,0.08244123,-0.04872284,-0.07350798,0.06874967,0.07704144,0.052794885,0.072855614,-0.079937026,-0.12183881,0.061564606,0.109701574,0.02552859,0.075327665,-0.15670392,-0.2102757
26,-0.03878675,0.17391795,0.021607496,0.091447115,-0.05760015,-0.122185774,0.02006626,0.060259014,0.017472643,0.17629302,-0.05210832,-0.023305718,0.03489263,0.010261725,0.03672571,0.12098153,-0.03793032,-0.030511955,0.056663707,0.048400868,0.0546387,0.08187662,-0.048405305,-0.077950895,0.0706646,0.079925925,0.053384103,0.07225015,-0.08024329,-0.1266868,0.06294793,0.11361945,0.025337843,0.074671306,-0.15689197,-0.21298006
27,-0.045179434,0.17584904,0.02082457,0.0931757,-0.05545611,-0.12116543,0.019337615,0.058602236,0.016738556,0.18074042,-0.048975367,-0.018431004,0.035089847,0.007135518,0.0369041,0.12263339,-0.03426073,-0.027854681,0.057911046,0.047740903,0.055577684,0.08192971,-0.044971943,-0.07936601,0.07200019,0.08045892,0.05369792,0.072040305,-0.07696899,-0.13021407,0.06343619,0.1149659,0.024206037,0.0743878,-0.15272224,-0.21551147
28,-0.049631186,0.17791,0.02072705,0.094254084,-0.056337677,-0.12451498,0.01948794,0.05898522,0.016540458,0.18439773,-0.048931073,-0.01747382,0.036243614,0.0059292885,0.03803885,0.12368162,-0.034136843,-0.029142292,0.06029125,0.048995946,0.057395197,0.08148782,-0.045311175,-0.08372424,0.07444696,0.08362945,0.05490644,0.07124867,-0.077553935,-0.13473211,0.06532642,0.11944782,0.02470737,0.07338822,-0.15236662,-0.21693933
29,-0.05381417,0.18059285,0.021560151,0.097412705,-0.05394056,-0.12550564,0.019585758,0.059927214,0.016644213,0.18963164,-0.0456593,-0.014343679,0.036658373,0.004851324,0.038444385,0.12627973,-0.030665692,-0.027823607,0.061278448,0.049318094,0.058077615,0.082717955,-0.042336874,-0.085728794,0.07509945,0.08475036,0.05457106,0.07222987,-0.07509858,-0.13772503,0.064884245,0.12148198,0.022840409,0.07413211,-0.14933623,-0.21765716
30,-0.06006286,0.18317123,0.020158665,0.09601721,-0.054583795,-0.12704639,0.019495733,0.06094039,0.016383817,0.19169004,-0.04569074,-0.012741849,0.038365338,0.0035289314,0.04018456,0.12623763,-0.031107811,-0.029306453,0.06467573,0.04967144,0.060918737,0.08171889,-0.043413404,-0.09116145,0.078616254,0.086922966,0.056669503,0.07121794,-0.07651369,-0.14381321,0.06743,0.12562285,0.023740929,0.07292712,-0.15012476,-0.22077656
31,-0.06947164,0.18636875,0.017125957,0.09696107,-0.05363491,-0.12817389,0.016999576,0.062822945,0.013801791,0.19583707,-0.0437096,-0.009143394,0.037188224,0.0028881032,0.038912732,0.12763141,-0.02900962,-0.027855013,0.064753234,0.05069405,0.06053397,0.08187249,-0.041488852,-0.09329636,0.07871315,0.089195155,0.055598028,0.07138183,-0.07442541,-0.14653131,0.06681011,0.1289975,0.021615947,0.07308071,-0.14695509,-0.22057486
32,-0.071664885,0.18747532,0.020449731,0.101489864,-0.05275949,-0.13041289,0.0190661,0.062493436,0.01608054,0.20203671,-0.04210731,-0.007824414,0.039683912,0.0005533402,0.041485667,0.13084143,-0.027277471,-0.028719556,0.06756654,0.05042699,0.063225456,0.08331778,-0.040360134,-0.097729705,0.080782786,0.09064909,0.05690403,0.07224668,-0.07407027,-0.1518561,0.0675787,0.13207133,0.02114689,0.07352667,-0.14648797,-0.22294778
33,-0.07933058,0.19007671,0.019396218,0.10089182,-0.05171073,-0.12913866,0.018613497,0.06361998,0.015823252,0.20514172,-0.040220898,-0.0033688475,0.040753562,-0.0006394153,0.042579796,0.13154545,-0.025433823,-0.027055763,0.0698194,0.050987534,0.06523976,0.082889594,-0.038781837,-0.10053101,0.08286845,0.092362136,0.05801932,0.07184727,-0.07252794,-0.15621957,0.06862561,0.13491611,0.020753324,0.07302593,-0.14407015,-0.22502787
34,-0.08762675,0.19306037,0.01741734,0.10049533,-0.05169038,-0.12861271,0.017366013,0.065650865,0.01474049,0.20799138,-0.039535884,0.00018375367,0.041266926,-0.001079355,0.04310485,0.13204822,-0.02498573,-0.026214967,0.07165349,0.052144833,0.066822305,0.08228775,-0.03858799,-0.10361478,0.08470437,0.09482406,0.05897253,0.071224734,-0.0722166,-0.16005692,0.069791034,0.13834725,0.020765476,0.072297916,-0.14262727,-0.22600909
35,-0.092120185,0.19557914,0.018904408,0.103767544,-0.051021483,-0.12974323,0.018054212,0.067325234,0.015818108,0.21317562,-0.038486235,0.0017824462,0.04307355,-0.0019619518,0.04498313,0.13454765,-0.024163587,-0.02687293,0.074083984,0.052408908,0.06926418,0.08335544,-0.03837323,-0.108039,0.08657844,0.09623974,0.060273368,0.07191962,-0.07268927,-0.16528748,0.07055358,0.14095058,0.020538444,0.07261853,-0.14264148,-0.2280443
36,-0.09718261,0.1985528,0.019737322,0.1052214,-0.049462922,-0.12924646,0.0182481,0.07012834,0.016318996,0.21733573,-0.036320817,0.004797045,0.044136096,-0.001336289,0.04608128,0.13650188,-0.022061782,-0.025970344,0.07567816,0.05402813,0.070879385,0.08419226,-0.036662463,-0.11079137,0.08767453,0.098272786,0.060889624,0.072659,-0.07153477,-0.16904132,0.07067978,0.14334194,0.01974114,0.07316217,-0.14107059,-0.22934198
37,-0.10684825,0.20078179,0.016799767,0.10516617,-0.05010295,-0.12904337,0.016086346,0.07080306,0.014693885,0.2200875,-0.03691279,0.0067641083,0.044413984,-0.0031048357,0.046355914,0.13699594,-0.022905672,-0.026175475,0.07728551,0.053453084,0.072561555,0.0835587,-0.03762576,-0.11504476,0.08930179,0.09880866,0.06209769,0.07194581,-0.072447985,-0.17480518,0.07169018,0.14503673,0.019830292,0.07236061,-0.14108124,-0.23265654
38,-0.1119757,0.20327388,0.0181312,0.10802472,-0.048397813,-0.12710886,0.016624548,0.07149879,0.015942154,0.2245896,-0.03527129,0.0100567965,0.04621438,-0.0045066313,0.048207536,0.13901855,-0.021285268,-0.024478272,0.079478525,0.0529942,0.075109765,0.08420453,-0.036230277,-0.11752817,0.09091104,0.09858693,0.06370263,0.07227874,-0.071444385,-0.17960161,0.072303906,0.14538242,0.019735392,0.07241976,-0.13940236,-0.23560975
39,-0.11986662,0.2058808,0.016711552,0.11016872,-0.049201403,-0.12869594,0.014883092,0.07435925,0.0145271085,0.22883923,-0.035743702,0.011107472,0.04610736,-0.0040020086,0.048064433,0.14077908,-0.021831045,-0.02517787,0.08012557,0.05478542,0.07584677,0.08460131,-0.03682164,-0.121216096,0.09128048,0.10142306,0.063936345,0.07238381,-0.07213855,-0.18354473,0.07240626,0.14846814,0.019386047,0.072416544,-0.13955598,-0.23682174
40,-0.1217355,0.20694338,0.019460453,0.11330358,-0.048989315,-0.12829947,0.016241746,0.07546799,0.016201692,0.23278399,-0.03529585,0.012939854,0.047995865,-0.0036907704,0.050007064,0.14260145,-0.02118153,-0.024533035,0.08198389,0.05700546,0.07799403,0.084924765,-0.036081977,-0.12310961,0.0925455,0.10412178,0.065499745,0.07221304,-0.07158631,-0.18627807,0.073475756,0.1505952,0.020445202,0.072025985,-0.13836175,-0.237787
41,-0.12920381,0.20790908,0.017468663,0.113326885,-0.047485296,-0.12610428,0.013949302,0.07509143,0.01451889,0.23529771,-0.033881318,0.01595802,0.047193415,-0.004229881,0.049111046,0.14350314,-0.01911508,-0.021773482,0.0815792,0.05816574,0.078170024,0.084652014,-0.03341811,-0.12361064,0.09206969,0.10417849,0.0656917,0.072003655,-0.06908573,-0.18992825,0.07285053,0.14939904,0.019487618,0.072057046,-0.1356294,-0.24170235
42,-0.13159946,0.20708832,0.018884432,0.11525687,-0.048001125,-0.12696676,0.014352505,0.07366579,0.015402749,0.23842594,-0.034600504,0.015447301,0.04892525,-0.005330877,0.050861597,0.1448927,-0.019411948,-0.022842968,0.08349337,0.05919666,0.0806713,0.084531784,-0.03347138,-0.127433,0.09358374,0.1051154,0.06788545,0.07153238,-0.06990392,-0.19594535,0.07414052,0.14973749,0.020695643,0.07152065,-0.13680123,-0.24716623
43,-0.13462265,0.20878494,0.019973658,0.11603502,-0.046307236,-0.12542382,0.014336919,0.07492073,0.01577409,0.24114244,-0.033026896,0.017581325,0.04958138,-0.0042924057,0.05148759,0.14609164,-0.017335044,-0.021027172,0.0841154,0.061573375,0.08189215,0.084590174,-0.030951338,-0.12845278,0.093817286,0.106288284,0.068881564,0.071526326,-0.06777925,-0.19919305,0.07422108,0.14949119,0.020734107,0.07156167,-0.1347139,-0.25025654
44,-0.13882244,0.2090879,0.019029817,0.11616295,-0.04698345,-0.126603,0.012793627,0.07560448,0.014367256,0.24315917,-0.033818435,0.017187556,0.04927856,-0.0034346203,0.051127117,0.14672789,-0.017665379,-0.021805616,0.08416874,0.06429517,0.08239937,0.08403876,-0.030647222,-0.13114016,0.09380025,0.108690284,0.06957858,0.07083732,-0.067661494,-0.20288523,0.07463347,0.15057237,0.021302694,0.071007386,-0.13473438,-0.25336578
45,-0.14184842,0.2096721,0.01900689,0.11703378,-0.04657016,-0.12657107,0.011941904,0.07578245,0.01378613,0.24537493,-0.033833023,0.017490732,0.04941751,-0.0030823508,0.05122254,0.14753154,-0.01721755,-0.021540647,0.08444583,0.06611209,0.083285995,0.083657995,-0.029580858,-0.13307016,0.09390844,0.10971549,0.07054965,0.07030746,-0.06678435,-0.20648398,0.074981704,0.15045159,0.02180365,0.070533715,-0.13386962,-0.2565879
46,-0.14415339,0.21110655,0.020405024,0.119526684,-0.04418042,-0.12405923,0.011991158,0.07567026,0.014375029,0.24842198,-0.03209626,0.02008515,0.050011553,-0.0030984674,0.051780708,0.14882608,-0.01494601,-0.01845342,0.08479868,0.067240976,0.08450215,0.08363091,-0.02669327,-0.13290426,0.0939409,0.10914612,0.07171854,0.07012626,-0.06399524,-0.20918474,0.07500008,0.14864983,0.02204477,0.07031119,-0.13059008,-0.25914642
47,-0.14806929,0.21077795,0.019604886,0.12219352,-0.046461847,-0.12588257,0.0103750415,0.075121485,0.012854158,0.25076336,-0.03486879,0.019228144,0.049778085,-0.0033647197,0.051499527,0.14912575,-0.017369755,-0.019150287,0.08488736,0.06934077,0.08503689,0.08228202,-0.02807014,-0.13484652,0.09403391,0.11172043,0.07278176,0.068234354,-0.0644397,-0.21116637,0.076251276,0.15025909,0.024163814,0.06831981,-0.12950853,-0.25912014
48,-0.14952712,0.21263279,0.020426678,0.12590434,-0.043677643,-0.12571892,0.009412983,0.0761748,0.012330382,0.25439522,-0.032828324,0.02001636,0.048948698,-0.002305011,0.050577182,0.15110847,-0.014782139,-0.017146379,0.08356184,0.07085346,0.08467414,0.0830533,-0.0249355,-0.13463606,0.0924979,0.11113344,0.07253686,0.06892309,-0.06166388,-0.21286619,0.07493708,0.14821823,0.023230532,0.06902679,-0.1266906,-0.2604863
49,-0.14906517,0.21157788,0.021529768,0.12650403,-0.044657946,-0.12727898,0.009795254,0.07479242,0.012896146,0.25511765,-0.034471314,0.018251507,0.0501394,-0.0026241122,0.05176348,0.15083341,-0.016059076,-0.018365452,0.08473391,0.07224705,0.086487256,0.08163323,-0.025425768,-0.13697892,0.09362215,0.112056635,0.074676745,0.067265205,-0.06196164,-0.21619694,0.07671562,0.14826351,0.025554122,0.06734274,-0.12659064,-0.26318127
50,-0.1506172,0.21203147,0.021476392,0.1257655,-0.043329604,-0.12579957,0.009107979,0.074237764,0.012518853,0.25541642,-0.033702694,0.019792553,0.049918927,-0.0020091294,0.051481098,0.15034607,-0.014627084,-0.015700357,0.08435222,0.07427648,0.08693818,0.08022779,-0.022949848,-0.13602139,0.09338628,0.11213153,0.07569564,0.06596536,-0.059010096,-0.2174137,0.077131495,0.14652081,0.026467435,0.06622179,-0.1228794,-0.2647624
51,-0.1524619,0.2135378,0.02094457,0.12889305,-0.041868344,-0.12876333,0.0073783263,0.07550204,0.011305499,0.2584441,-0.033052333,0.017844053,0.048748165,-0.0013514059,0.050207093,0.1519897,-0.013720939,-0.016314324,0.082907744,0.07455933,0.08644426,0.080938146,-0.021704817,-0.13764584,0.091950744,0.1107818,0.0753755,0.06663874,-0.058220144,-0.22004464,0.07594606,0.1447286,0.025566818,0.06688682,-0.122419395,-0.26652303
52,-0.15192956,0.21415466,0.021904092,0.12718876,-0.042735714,-0.13133323,0.007930148,0.077996805,0.011859647,0.25844985,-0.034061633,0.015361869,0.049918544,0.0009549255,0.05137808,0.15152188,-0.014837466,-0.019520529,0.08421952,0.07725291,0.08815877,0.08003076,-0.0225673,-0.14178063,0.09312745,0.11329826,0.077103384,0.06571649,-0.059444085,-0.2236934,0.077534065,0.14692749,0.027377944,0.065913744,-0.12431849,-0.26895782
53,-0.15351193,0.215298,0.022318838,0.12820026,-0.040524438,-0.13022916,0.007419238,0.0784007,0.011866645,0.2602449,-0.032303788,0.016886596,0.049671266,0.0016402755,0.0510955,0.15225253,-0.012625681,-0.017138995,0.083660275,0.07842616,0.08854208,0.07987979,-0.019818658,-0.14142929,0.092536055,0.11239536,0.077629425,0.06565791,-0.056796737,-0.22547515,0.077095434,0.14501897,0.027178662,0.06589988,-0.12150305,-0.2707049
54,-0.15873614,0.21442947,0.020004932,0.12909363,-0.042754505,-0.13141043,0.0049969554,0.07713619,0.0096484255,0.26136306,-0.034833793,0.017095378,0.04865092,0.0008015267,0.050027885,0.15168524,-0.014719694,-0.016300138,0.082986325,0.07963168,0.0883759,0.077946156,-0.020591332,-0.14161548,0.09208745,0.113753766,0.07820383,0.063327454,-0.05598199,-0.22566767,0.07798984,0.1456845,0.029024854,0.06350456,-0.118279316,-0.268681
55,-0.15775353,0.21643646,0.022438314,0.13502574,-0.040844887,-0.13307601,0.005297915,0.07899999,0.010396912,0.2657561,-0.03366201,0.016633514,0.048631255,0.001620693,0.050008874,0.15408275,-0.013424775,-0.01573452,0.0822528,0.08021914,0.08857647,0.0791362,-0.018958662,-0.14184994,0.09103369,0.11321775,0.07834174,0.0640889,-0.054336328,-0.22579749,0.0773536,0.1447989,0.029119689,0.06390622,-0.11588995,-0.26651946
56,-0.15577583,0.21723492,0.02445838,0.13473809,-0.040174615,-0.13322468,0.006517442,0.079881586,0.011876425,0.2659718,-0.03366467,0.015977675,0.05002939,0.0028096023,0.0514488,0.15365368,-0.013395214,-0.016103527,0.08342245,0.08183803,0.090526655,0.078049116,-0.018471064,-0.14335465,0.09220746,0.11369149,0.08053023,0.062945515,-0.05383404,-0.22790374,0.07901981,0.14455798,0.03131244,0.062652364,-0.11503857,-0.2677947
57,-0.15748179,0.2177783,0.0228206,0.13283485,-0.039437532,-0.13385876,0.004676908,0.08060605,0.010278443,0.26553658,-0.033572637,0.015369171,0.048837032,0.00438111,0.05022975,0.15285577,-0.0129779065,-0.015712848,0.08228679,0.0839419,0.0902743,0.07669921,-0.017243573,-0.14386296,0.09153229,0.1139123,0.08102249,0.061834186,-0.05241042,-0.22939222,0.07919783,0.14331932,0.031989235,0.061757278,-0.113353886,-0.26922625
58,-0.1575442,0.21903661,0.023438826,0.13514571,-0.039021842,-0.13602588,0.0044008163,0.08149986,0.010545329,0.26738006,-0.034118578,0.013431967,0.049213227,0.0046824925,0.05065299,0.15345685,-0.01359379,-0.016798398,0.08253727,0.083958894,0.09150459,0.07642757,-0.017582461,-0.14598848,0.09188948,0.11280402,0.08246931,0.061381824,-0.05291958,-0.23207186,0.07994631,0.1421962,0.033247687,0.06108732,-0.11350758,-0.27046114
59,-0.1590814,0.22027227,0.023129867,0.13723113,-0.03811835,-0.13739738,0.0032361115,0.08208892,0.009989524,0.26946327,-0.03402711,0.012684519,0.0487427,0.005068932,0.05021898,0.15423146,-0.013307786,-0.016373761,0.08194257,0.08433319,0.09201867,0.07621685,-0.01683441,-0.14693631,0.09149727,0.111463316,0.083309755,0.06109538,-0.05226532,-0.23423532,0.079967715,0.14033982,0.03376848,0.060699344,-0.11242952,-0.2717077
60,-0.1595866,0.2210101,0.023201205,0.13732898,-0.036825262,-0.13737905,0.0023269881,0.08317517,0.009289103,0.27060792,-0.032892033,0.013552719,0.047766466,0.007102267,0.049247075,0.15460634,-0.011595644,-0.014476276,0.08061769,0.08717601,0.09160149,0.07580813,-0.014303318,-0.1459218,0.09032274,0.11225843,0.08335607,0.060771905,-0.04953456,-0.23406991,0.07949225,0.1392585,0.033898838,0.06048146,-0.109282844,-0.27134037
61,-0.15991776,0.22240405,0.023889232,0.13638525,-0.03659104,-0.13794701,0.00246316,0.085028656,0.009659369,0.27115914,-0.032925315,0.013435473,0.04827137,0.008861854,0.04980067,0.15437372,-0.011455353,-0.014358504,0.08105802,0.08917193,0.09281907,0.07499637,-0.01362853,-0.14717719,0.090772316,0.11304171,0.084766515,0.05992979,-0.048774127,-0.23584642,0.0803989,0.13937579,0.035260305,0.0595341,-0.10818705,-0.27214637
62,-0.1591634,0.22087078,0.025295619,0.1395389,-0.037403323,-0.13991994,0.0028991767,0.082756504,0.010700291,0.2732052,-0.034224812,0.012336613,0.04925192,0.0075279623,0.050883282,0.15495709,-0.0123555055,-0.014221799,0.081721514,0.08913551,0.09448556,0.07418867,-0.013841953,-0.14780939,0.091469705,0.11221128,0.08669355,0.05876351,-0.048610434,-0.23727714,0.08167202,0.13820802,0.037280474,0.058144853,-0.1067318,-0.27218866
63,-0.16018961,0.22162744,0.0255261,0.1396383,-0.03638337,-0.1401055,0.002625566,0.083466634,0.011002205,0.27420005,-0.033590555,0.01273762,0.049413625,0.008128683,0.051114295,0.15505788,-0.011602064,-0.013205662,0.081743464,0.089766555,0.09549592,0.073628545,-0.01270857,-0.14837131,0.09164965,0.11131495,0.087914556,0.058197733,-0.04747656,-0.23898211,0.08218411,0.13703348,0.038178593,0.05747609,-0.105148315,-0.27305415
64,-0.1606108,0.22217347,0.026130313,0.14296098,-0.035623506,-0.14301121,0.0019192137,0.08527668,0.010637736,0.27711096,-0.03302021,0.011526502,0.04856435,0.008990612,0.05028095,0.15664682,-0.01092119,-0.013526088,0.08044518,0.09015966,0.094964996,0.07454585,-0.01168354,-0.14883932,0.090230264,0.11094611,0.08739915,0.058834147,-0.046354897,-0.23877297,0.08125689,0.13674922,0.0378056,0.057859268,-0.10360933,-0.27067342
65,-0.16316105,0.22313608,0.025218803,0.13959478,-0.03634542,-0.14331421,0.0011385839,0.08860935,0.009778158,0.27636918,-0.03352252,0.011757637,0.04829025,0.011542727,0.050001163,0.15549107,-0.011590895,-0.014110021,0.08042443,0.09268074,0.09525082,0.073361106,-0.01181471,-0.15032929,0.0902395,0.11335501,0.08796688,0.057557542,-0.04587046,-0.23919599,0.08208742,0.13892926,0.03912114,0.05646683,-0.10226265,-0.26900554
66,-0.16480957,0.22361225,0.02441275,0.14205708,-0.03538139,-0.14492951,-0.00052459684,0.088870056,0.00879473,0.2785684,-0.03323255,0.011084713,0.0471717,0.011715627,0.049000576,0.15642183,-0.011127837,-0.013480658,0.079152994,0.09277735,0.09516191,0.07335319,-0.010907966,-0.15061697,0.089296766,0.111685686,0.088251,0.057473224,-0.044945702,-0.24028094,0.081671774,0.13686098,0.03926465,0.05627601,-0.100768335,-0.26898035
67,-0.16550665,0.22199418,0.024359856,0.14440078,-0.035622817,-0.14621754,-0.0014219101,0.08714699,0.00857781,0.28025985,-0.03389053,0.0105794575,0.04695814,0.011340932,0.04892644,0.15680404,-0.011451761,-0.012774616,0.07877346,0.093613535,0.09597582,0.072431006,-0.010579931,-0.15083903,0.08924179,0.11091332,0.08954094,0.05642293,-0.04436898,-0.2415393,0.08231376,0.1351729,0.04064328,0.05515726,-0.09909585,-0.26932728
68,-0.16289312,0.22222848,0.027325444,0.1449208,-0.03493394,-0.14544745,0.00046048686,0.088083886,0.010787811,0.2809005,-0.033404294,0.011183987,0.048580572,0.012736514,0.050668087,0.15665258,-0.0109798275,-0.012120927,0.0799874,0.09551469,0.098047465,0.07164235,-0.009769931,-0.15129505,0.090406165,0.11156373,0.091734864,0.055479534,-0.04346291,-0.24231939,0.08392509,0.13504146,0.042864386,0.05397884,-0.097382724,-0.2689724
69,-0.1652884,0.22255266,0.026155218,0.14508364,-0.03448584,-0.1468629,-0.001309815,0.08975844,0.009408149,0.28211725,-0.03303843,0.010962249,0.047299083,0.014300632,0.04945748,0.15693794,-0.010495924,-0.011744667,0.07870704,0.096975006,0.097676955,0.07138342,-0.0088231,-0.15191938,0.089350685,0.11157078,0.09165666,0.055224393,-0.04239782,-0.2431573,0.08345305,0.13451989,0.042875376,0.05366323,-0.09590777,-0.26858366
70,-0.1661227,0.22291552,0.026675535,0.14736325,-0.033733428,-0.14908373,-0.0019009339,0.091425754,0.009392157,0.28459206,-0.03253251,0.009843259,0.04707586,0.015298761,0.049357753,0.15807122,-0.010034062,-0.012280141,0.07834228,0.09742219,0.098410144,0.07180363,-0.008251109,-0.15370068,0.08904868,0.11066657,0.09237642,0.055519048,-0.04224813,-0.24542329,0.083383255,0.13390628,0.04320213,0.053714126,-0.095941946,-0.26937518
71,-0.16544408,0.22254038,0.027126329,0.1468277,-0.03390173,-0.15036012,-0.001859137,0.09222067,0.009627606,0.28449225,-0.03297153,0.008809338,0.04728779,0.016194759,0.04964263,0.15746374,-0.010485925,-0.012960402,0.07842111,0.09845338,0.09917734,0.07084637,-0.008179102,-0.154645,0.0892807,0.11111402,0.093473144,0.05442424,-0.041766096,-0.2458114,0.08437138,0.13408898,0.044782516,0.05248026,-0.094576515,-0.26814118
72,-0.16574451,0.22334576,0.027461769,0.14681368,-0.032251738,-0.1497142,-0.002206892,0.093483634,0.00973779,0.28526056,-0.03162535,0.009813171,0.046927597,0.017345056,0.049412187,0.15753555,-0.009124396,-0.011494456,0.07784895,0.09935522,0.09959028,0.07050918,-0.006482857,-0.1544171,0.08893321,0.11029317,0.094121635,0.05409762,-0.039959855,-0.24616045,0.084460504,0.13279104,0.045321457,0.05203651,-0.09218075,-0.26759088
73,-0.16877468,0.22301549,0.025357457,0.14727856,-0.03191152,-0.15097076,-0.0046321903,0.09389448,0.00775302,0.2862827,-0.03140867,0.01006275,0.04499733,0.01776867,0.047585577,0.15770638,-0.008700694,-0.010310791,0.07590866,0.099861465,0.09848479,0.07013775,-0.0054191225,-0.15363474,0.087359324,0.10966204,0.09348554,0.053634807,-0.03826383,-0.24513786,0.08371175,0.13161673,0.04519846,0.051529236,-0.08921192,-0.26501012
74,-0.1683584,0.22170308,0.02605507,0.15073928,-0.03342256,-0.15576127,-0.004915609,0.09355951,0.00796387,0.288498,-0.033264276,0.0068740393,0.045261756,0.01700766,0.04799105,0.15850976,-0.010454213,-0.012339871,0.07596778,0.09907953,0.09942739,0.07005208,-0.006699914,-0.15549545,0.08740621,0.108805254,0.09449872,0.053058933,-0.03922775,-0.24609545,0.08437335,0.13135156,0.04656047,0.05055405,-0.08902607,-0.26322624
75,-0.16765393,0.22095093,0.026715593,0.14923988,-0.034400016,-0.15729547,-0.0045569725,0.09446276,0.008464487,0.2880135,-0.034213345,0.0056927493,0.045939635,0.01829692,0.04875288,0.15755752,-0.011368629,-0.013373228,0.07660363,0.100714214,0.10071094,0.06879115,-0.0070857797,-0.15697688,0.08812818,0.10994604,0.096036956,0.051662546,-0.039248496,-0.24704339,0.08579789,0.13213779,0.04855294,0.049004637,-0.08813176,-0.262546
76,-0.16972202,0.22274026,0.026184462,0.14749306,-0.032676544,-0.15684038,-0.0055314032,0.09738515,0.007877106,0.28840494,-0.032515254,0.006996973,0.04503672,0.020208083,0.047956903,0.15748125,-0.009731296,-0.011867912,0.07564887,0.10156928,0.10057495,0.068789855,-0.0052894736,-0.15703414,0.08730477,0.10917631,0.09593412,0.051758923,-0.037429165,-0.24755408,0.08520794,0.13136339,0.048206516,0.04897615,-0.086013496,-0.26199177
77,-0.1696612,0.2228871,0.027915658,0.14997274,-0.031500556,-0.15680455,-0.0049019456,0.09731675,0.009319011,0.29051754,-0.0316509,0.007832603,0.0457928,0.019593162,0.04893255,0.15827395,-0.008919085,-0.010526109,0.076112166,0.1006895,0.10216129,0.06883267,-0.0044233697,-0.15736473,0.08778962,0.10699676,0.09739216,0.051568694,-0.03657304,-0.24879888,0.085758336,0.12974417,0.04917413,0.048421223,-0.08426985,-0.26171637
78,-0.17288478,0.2230291,0.02740307,0.15024495,-0.031075556,-0.15617473,-0.006024103,0.09850315,0.008788106,0.29197153,-0.031085216,0.00981489,0.04517928,0.020345142,0.04848572,0.15844753,-0.008379098,-0.008508146,0.075529136,0.10149179,0.10251128,0.06836745,-0.0035359315,-0.15708047,0.08734947,0.10657385,0.09789481,0.050875727,-0.035200916,-0.2488143,0.08582445,0.12909944,0.04983409,0.047478233,-0.08135374,-0.25982356
79,-0.17106676,0.22106484,0.029082505,0.15320835,-0.031556185,-0.15872154,-0.0056757648,0.09853517,0.009525363,0.29374993,-0.03154367,0.008354605,0.04548539,0.021285193,0.048963547,0.15902574,-0.008708336,-0.0091796005,0.07545913,0.10304643,0.103427686,0.06809282,-0.0033912933,-0.1577195,0.08735706,0.10709849,0.09901664,0.050313108,-0.03488118,-0.24884747,0.086554505,0.12885167,0.05134011,0.04667944,-0.080150515,-0.25806025
80,-0.17267857,0.22211471,0.02796712,0.15290694,-0.031107457,-0.16038243,-0.007154291,0.10074981,0.008615643,0.29435846,-0.03147691,0.0074689672,0.044654176,0.022828115,0.048330564,0.15890895,-0.008796962,-0.009463845,0.07473894,0.10377881,0.10377116,0.06769504,-0.003235745,-0.1588393,0.08705203,0.1063633,0.09967929,0.049840108,-0.034744762,-0.24998392,0.08681757,0.1279174,0.052096345,0.046042185,-0.079502426,-0.2578052
81,-0.17301239,0.22244337,0.027833275,0.15361063,-0.030944247,-0.16241151,-0.007903134,0.1024162,0.008333777,0.2951248,-0.031618554,0.0063315155,0.044203717,0.02396512,0.048062325,0.1589392,-0.009045017,-0.009926171,0.07418888,0.10435125,0.10414903,0.067428984,-0.0031731578,-0.15951225,0.08678634,0.10594575,0.100337364,0.049355954,-0.03448633,-0.25002486,0.08721956,0.12725547,0.0531027,0.045329478,-0.07834824,-0.2559876
82,-0.17440215,0.22451666,0.027582033,0.15400736,-0.030157873,-0.16380025,-0.008561909,0.1049432,0.008375744,0.29616582,-0.0313795,0.0057220017,0.044053927,0.024541,0.048132826,0.15920529,-0.0091458745,-0.01013791,0.07405473,0.103460744,0.10498537,0.06756392,-0.0033073826,-0.1606524,0.08690487,0.10422953,0.10124008,0.04918525,-0.03467136,-0.25098783,0.08765871,0.12624751,0.053942814,0.044785418,-0.07779406,-0.25493133
83,-0.17438668,0.22195081,0.02777589,0.15449177,-0.030826757,-0.16469295,-0.008963877,0.10448649,0.008188005,0.2966742,-0.031636827,0.0059941467,0.04367589,0.025535833,0.04788429,0.1589489,-0.0091332,-0.009422089,0.07345734,0.10559047,0.10511042,0.06670262,-0.0026004126,-0.15999296,0.08647241,0.10545135,0.10173942,0.048144743,-0.033299748,-0.24966165,0.08812022,0.12620147,0.05515213,0.04367556,-0.074966274,-0.25212345
84,-0.17256829,0.22011201,0.029670035,0.15693064,-0.030291475,-0.16544,-0.008336217,0.10413366,0.009437293,0.29823506,-0.031081816,0.0059201205,0.04419906,0.026324647,0.04867294,0.1594248,-0.008491645,-0.008890714,0.073622935,0.1069213,0.10649098,0.06639283,-0.0016908708,-0.16024503,0.08681572,0.10504366,0.1032385,0.04770185,-0.03245503,-0.2503252,0.08889901,0.12506413,0.056537144,0.043027773,-0.07352318,-0.25180686
85,-0.17502351,0.2185546,0.028126864,0.15694125,-0.03169542,-0.16877814,-0.009952705,0.10400803,0.008431374,0.2988939,-0.0325628,0.004063299,0.043694094,0.02589768,0.048363872,0.15916876,-0.009953412,-0.010081411,0.07333038,0.10635102,0.10709314,0.065614074,-0.0027671626,-0.16206068,0.08674474,0.10418512,0.10398882,0.046623718,-0.033183303,-0.25186086,0.08941129,0.12481684,0.05754034,0.041723713,-0.07313773,-0.25119576
86,-0.17524981,0.22059104,0.029099397,0.15339202,-0.030589294,-0.17015532,-0.009483584,0.10928492,0.008672093,0.29844362,-0.03136092,0.0034327318,0.043583322,0.028445125,0.04822951,0.15881614,-0.009074409,-0.011022139,0.07303542,0.10660225,0.10713085,0.06621088,-0.0019096473,-0.16380674,0.08616967,0.10443341,0.10371314,0.04697271,-0.03236547,-0.25240174,0.08908535,0.12620302,0.05736145,0.041708067,-0.07241036,-0.2493297
87,-0.17734244,0.22075067,0.027955102,0.15217334,-0.029053671,-0.16991828,-0.010835719,0.11001927,0.0080073085,0.29887202,-0.030038761,0.0042117545,0.042708933,0.028741645,0.04760001,0.1587326,-0.007828667,-0.009915675,0.07227511,0.106106356,0.10737905,0.06599897,-0.00059385237,-0.1643815,0.08567972,0.10233678,0.10395029,0.046866953,-0.031155517,-0.25399438,0.088725135,0.124696,0.05715641,0.04150611,-0.07105687,-0.25026667
88,-0.17750053,0.21923175,0.028306413,0.15580574,-0.02748066,-0.17018302,-0.011446083,0.10747064,0.008641211,0.3011011,-0.02894449,0.0047957343,0.042548276,0.026811562,0.047850285,0.15967727,-0.0066426946,-0.008192279,0.07192731,0.104340225,0.108462155,0.06595284,0.00069470896,-0.16393982,0.08569407,0.09858136,0.105041,0.04680366,-0.029920863,-0.254988,0.08880715,0.12138898,0.057616424,0.04126784,-0.06908644,-0.2506645
89,-0.17846689,0.21699457,0.028158627,0.15427431,-0.028601056,-0.17146657,-0.011865477,0.10887516,0.008267209,0.30105016,-0.02939342,0.004685244,0.04233878,0.0288074,0.047738038,0.15903364,-0.007088135,-0.008553394,0.071747124,0.1067208,0.1088152,0.065137796,0.00071091997,-0.16455126,0.0856058,0.10061734,0.105650194,0.04571086,-0.029473322,-0.25450948,0.089550644,0.122681335,0.058956612,0.04004944,-0.06753689,-0.24828814
90,-0.1791906,0.21756214,0.02895063,0.15536414,-0.027994912,-0.17362455,-0.012069404,0.112423435,0.008400762,0.30307773,-0.028563997,0.004215255,0.041967425,0.030641738,0.047532573,0.16013649,-0.00647544,-0.008906621,0.07118883,0.10716476,0.10901044,0.066230774,0.0012565181,-0.16530144,0.08503369,0.10051083,0.10573069,0.04631045,-0.029135676,-0.25430518,0.0893542,0.12290805,0.059195526,0.040234875,-0.06696283,-0.24578342
91,-0.18012016,0.21541177,0.028969582,0.1560134,-0.02795764,-0.17298377,-0.012413877,0.11091031,0.00860414,0.3037879,-0.028354442,0.0056841313,0.041914806,0.02994539,0.04769071,0.15987428,-0.0061944188,-0.0073372736,0.07106049,0.10732736,0.10967748,0.065289035,0.001991074,-0.16457313,0.08509975,0.09996201,0.10659873,0.045142446,-0.0277322,-0.25354937,0.09001195,0.1220809,0.060408168,0.038930554,-0.06378292,-0.243546
92,-0.17922933,0.21552333,0.029417869,0.15749349,-0.027855197,-0.17687586,-0.01265671,0.11282315,0.008693452,0.305067,-0.028628455,0.0028405788,0.04176485,0.030628268,0.04773102,0.1605132,-0.006611642,-0.009318064,0.0707826,0.106705055,0.11021081,0.06588164,0.001641828,-0.16629952,0.08498783,0.09896491,0.107155405,0.045365725,-0.02835111,-0.25435644,0.0903411,0.12176818,0.061115347,0.038822845,-0.06444719,-0.24241251
93,-0.1773714,0.21775958,0.02909038,0.1543993,-0.025820844,-0.17816205,-0.013045788,0.11646498,0.008271132,0.30366895,-0.027301086,0.00089313486,0.040982764,0.03341505,0.047088187,0.15976335,-0.005471089,-0.010611474,0.069921315,0.10764025,0.11011169,0.06592412,0.002922118,-0.16759142,0.08453401,0.09833623,0.10729145,0.0455951,-0.027515447,-0.25528705,0.09032926,0.12108835,0.061228618,0.039033886,-0.064591445,-0.24308494
94,-0.17775138,0.21658865,0.02719376,0.15262057,-0.025052862,-0.17752315,-0.0145820305,0.11437652,0.0073983124,0.30221018,-0.027095517,0.0011027262,0.040138833,0.03311776,0.046561625,0.15818956,-0.005099335,-0.009571663,0.06923887,0.1080334,0.11052903,0.063973084,0.003939083,-0.16722435,0.08453344,0.09677655,0.10824149,0.043996487,-0.02599326,-0.25568902,0.09098416,0.118841246,0.062292445,0.037647948,-0.06198217,-0.24360201
95,-0.17833161,0.2126388,0.028094597,0.15705663,-0.025731292,-0.1801378,-0.01494693,0.11248443,0.0076422975,0.30524334,-0.027253998,0.0010939687,0.039814524,0.03167743,0.046465576,0.15954205,-0.004962208,-0.00881677,0.06856301,0.107262924,0.110656925,0.06435655,0.0045485636,-0.16640215,0.08374866,0.09590395,0.108258955,0.043779455,-0.024745185,-0.25391623,0.09076322,0.1181092,0.062744536,0.037091132,-0.0589482,-0.23914444
96,-0.17763619,0.21270998,0.0297877,0.15513198,-0.025472777,-0.18214072,-0.013911029,0.11687897,0.00850907,0.30562913,-0.026428139,0.00037980545,0.040178694,0.034443397,0.04684368,0.15975538,-0.0043121753,-0.009830039,0.06863446,0.10852275,0.11106251,0.0651769,0.0051593203,-0.16764437,0.08356727,0.09724193,0.10841799,0.044142544,-0.024341613,-0.25381553,0.0909293,0.11980596,0.06317405,0.037089996,-0.058628604,-0.23683599
97,-0.1796701,0.21567902,0.028376013,0.14993747,-0.02410713,-0.18180525,-0.014689549,0.12008871,0.008193084,0.30427027,-0.025577992,0.00056307646,0.039939076,0.035491407,0.046815306,0.15870476,-0.0038284333,-0.009848177,0.06868493,0.10757549,0.111851566,0.06475201,0.005508616,-0.16923018,0.08392047,0.095486924,0.10918094,0.043693483,-0.02422706,-0.25587317,0.09139215,0.11924181,0.06362859,0.03646183,-0.058445025,-0.23790506
98,-0.17939132,0.21438889,0.029679717,0.15520632,-0.02188228,-0.18184088,-0.014947841,0.11819373,0.009148957,0.30796263,-0.023594484,0.0018926348,0.03967761,0.034028675,0.04703163,0.16074008,-0.0016962058,-0.0075842305,0.068139344,0.10603817,0.112748004,0.06576827,0.007602347,-0.16831715,0.08355354,0.091646805,0.109804146,0.04459031,-0.022463266,-0.25647676,0.0908374,0.11589897,0.06336926,0.037081145,-0.056586817,-0.23816192
99,-0.18067695,0.20945877,0.029162591,0.15310523,-0.022843866,-0.18204422,-0.015615126,0.11669167,0.008318168,0.30743527,-0.023621544,0.0030206444,0.03894594,0.034407627,0.04631065,0.1596966,-0.0013844442,-0.0066866428,0.06732949,0.10778663,0.112261795,0.06448416,0.00872742,-0.16761343,0.08266142,0.09339355,0.10946869,0.043163694,-0.020341886,-0.25486425,0.09078797,0.11700648,0.06381466,0.035734538,-0.052824102,-0.23488136
100,-0.17863211,0.20913175,0.031792797,0.15057144,-0.021924876,-0.18315335,-0.013799265,0.11946537,0.009992067,0.30725813,-0.022564428,0.0021237123,0.040005866,0.03595476,0.047420245,0.15941961,-0.0005157979,-0.007919728,0.06810881,0.107883446,0.1136102,0.06477479,0.009521069,-0.16979724,0.08317023,0.093448035,0.11042452,0.0431585,-0.01988373,-0.25677922,0.09140496,0.118384294,0.064524285,0.03540272,-0.05286122,-0.23513475
