Epoch,Layer0_theta_1,Layer0_r,Layer0_theta_2,Layer0_bx,Layer0_bp,Layer0_kappa,Layer1_theta_1,Layer1_r,Layer1_theta_2,Layer1_bx,Layer1_bp,Layer1_kappa,Layer2_theta_1,Layer2_r,Layer2_theta_2,Layer2_bx,Layer2_bp,Layer2_kappa,Layer3_theta_1,Layer3_r,Layer3_theta_2,Layer3_bx,Layer3_bp,Layer3_kappa,Layer4_theta_1,Layer4_r,Layer4_theta_2,Layer4_bx,Layer4_bp,Layer4_kappa,Layer5_theta_1,Layer5_r,Layer5_theta_2,Layer5_bx,Layer5_bp,Layer5_kappa
1,-0.036199037,-0.031715717,-0.038368978,-0.04465714,0.030957092,0.017332405,-0.028613556,-0.008872048,-0.029948428,-0.037820578,0.011201801,0.012719667,-0.022083376,0.025408285,-0.020983838,-0.029785331,-0.0056043207,0.0075152386,-0.014649064,0.031092407,-0.014133665,-0.022350194,-0.013347741,0.0043795677,-0.009810192,0.03394611,-0.009824434,-0.015959257,-0.015206195,0.00281579,-0.009270616,0.03633549,-0.01010456,-0.010643178,-0.014676364,0.002949795
2,-0.052160908,-0.058668815,-0.058263928,-0.0861062,0.0061128456,0.020900104,-0.03594932,-0.019304711,-0.03794875,-0.06395668,-0.03025782,0.013583404,-0.024990864,0.022881255,-0.022868033,-0.034830093,-0.049376667,0.0013444244,-0.015166772,0.032177076,-0.01377531,-0.011569126,-0.057905193,-0.005087768,-0.01089819,0.038993847,-0.010171391,0.0046886485,-0.05994533,-0.006868891,-0.01574294,0.049657788,-0.016446963,0.016090628,-0.05895695,-0.0049482123
3,-0.06829186,-0.061754037,-0.08046189,-0.1296445,-0.0054585934,0.019981543,-0.0512492,-0.0016716295,-0.053610805,-0.0969528,-0.06553248,0.009160093,-0.03967665,0.04434559,-0.038667463,-0.049545843,-0.09012127,-0.006290432,-0.032453403,0.054267243,-0.033278003,-0.011378961,-0.10014665,-0.013071219,-0.033273604,0.06285375,-0.035023086,0.014380938,-0.10251317,-0.013932879,-0.044635877,0.07611616,-0.04728635,0.0319129,-0.10267894,-0.010872716
4,-0.08321433,-0.0548238,-0.099223085,-0.16695133,0.00076714484,0.017648427,-0.06498697,0.020467957,-0.06745875,-0.12872016,-0.08595133,0.003602098,-0.05122659,0.06705009,-0.05299017,-0.071147114,-0.11930589,-0.014248924,-0.0451838,0.076934606,-0.050595842,-0.024073282,-0.13244282,-0.021528829,-0.04866559,0.087483786,-0.055742852,0.008053835,-0.13632572,-0.022965264,-0.062266473,0.102790065,-0.069198765,0.030301757,-0.14075339,-0.022411788
5,-0.0904178,-0.048032217,-0.10845828,-0.19177592,-0.008849132,0.011325609,-0.0714842,0.03561535,-0.074084625,-0.14597826,-0.11160626,-0.0041921283,-0.059439875,0.080187656,-0.06324119,-0.08010647,-0.14847672,-0.021642597,-0.058586493,0.091547176,-0.06737933,-0.027498879,-0.16205227,-0.027426047,-0.069310024,0.10483599,-0.08078502,0.008351903,-0.16556287,-0.028168019,-0.089948796,0.119944245,-0.10097348,0.03340726,-0.17011337,-0.025854982
6,-0.09726969,-0.041428708,-0.11689749,-0.20432183,-0.0053920406,0.0038065903,-0.07692297,0.04760405,-0.07976343,-0.15250859,-0.12378168,-0.0108595705,-0.06717036,0.088332795,-0.07310939,-0.08234127,-0.16164136,-0.023602597,-0.07271226,0.102576464,-0.083575204,-0.02772281,-0.17350307,-0.02542414,-0.09059129,0.116765544,-0.10336157,0.009810717,-0.17515565,-0.02541069,-0.11551639,0.1286042,-0.1278187,0.036516014,-0.17748989,-0.020803787
7,-0.10581831,-0.038906824,-0.127014,-0.20878169,0.012944699,-0.0031606406,-0.08285749,0.056463275,-0.08565196,-0.15305978,-0.1209971,-0.015557808,-0.07389788,0.09354199,-0.081783056,-0.08189943,-0.15936376,-0.020908367,-0.084107466,0.11061494,-0.09566446,-0.028171793,-0.16939995,-0.018376175,-0.10487286,0.12426737,-0.11563203,0.009262814,-0.17016158,-0.019480292,-0.12620567,0.13249454,-0.13588691,0.036583662,-0.17377497,-0.019259762
8,-0.10629886,-0.03562462,-0.12894595,-0.20871428,0.021884136,-0.010731524,-0.081125855,0.06268947,-0.08371666,-0.1476128,-0.12194584,-0.019772297,-0.07286306,0.096704915,-0.08173074,-0.07585636,-0.15827861,-0.018210022,-0.08655733,0.11587101,-0.09725447,-0.023345666,-0.1650745,-0.013395476,-0.10927396,0.12778215,-0.117904976,0.0136216795,-0.16293865,-0.015818268,-0.13079117,0.13021888,-0.13920574,0.04060979,-0.16217208,-0.017214298
9,-0.11248245,-0.034933437,-0.13714218,-0.21224146,0.027272211,-0.008955209,-0.08674005,0.06860152,-0.0872185,-0.14600828,-0.12353388,-0.019321382,-0.07636343,0.100292854,-0.08300508,-0.072845526,-0.15747172,-0.016956571,-0.088312574,0.12088493,-0.095563725,-0.020262012,-0.16230024,-0.014042705,-0.108193696,0.13112041,-0.11385609,0.016544636,-0.15890731,-0.019292593,-0.12811369,0.12753503,-0.13542016,0.0428235,-0.15583989,-0.025634103
10,-0.11440976,-0.03594867,-0.14082074,-0.21490712,0.019474283,-0.0053663747,-0.08940821,0.07107308,-0.08768177,-0.14296328,-0.13318694,-0.016952556,-0.07746923,0.10126682,-0.08110269,-0.068056,-0.1628067,-0.015436031,-0.087098934,0.12373174,-0.09005408,-0.014629194,-0.16460511,-0.01589076,-0.10415012,0.13272825,-0.10681889,0.022317654,-0.15844126,-0.024017757,-0.12506694,0.12261568,-0.13191986,0.04761866,-0.14883949,-0.03356194
11,-0.11479016,-0.03727669,-0.14275594,-0.21582876,0.015014186,-0.005276725,-0.08990286,0.07308798,-0.08637632,-0.1386343,-0.1409444,-0.016482294,-0.07663786,0.101863146,-0.0779549,-0.062851064,-0.1667723,-0.014550726,-0.08449302,0.12575044,-0.08365885,-0.009218269,-0.16549563,-0.01781812,-0.098916024,0.13346602,-0.09886015,0.027643064,-0.15669563,-0.028609036,-0.12067057,0.11713352,-0.12705225,0.051920027,-0.14117521,-0.041676387
12,-0.11956265,-0.040326893,-0.1489188,-0.2162584,0.021473223,-0.006292998,-0.09387752,0.07554319,-0.088809155,-0.13568729,-0.14151986,-0.016352678,-0.07910363,0.10331404,-0.07898395,-0.060321692,-0.16540658,-0.0124058435,-0.0855786,0.12846583,-0.081646435,-0.0075709913,-0.16201612,-0.017192906,-0.0965205,0.13541988,-0.09306826,0.028848847,-0.15234084,-0.031051708,-0.1146839,0.11426223,-0.119179875,0.052438006,-0.13613552,-0.050913554
13,-0.12245797,-0.041833345,-0.15270649,-0.21554527,0.02392263,-0.007931484,-0.096185945,0.076644756,-0.09038712,-0.13097009,-0.14374566,-0.015350839,-0.081553444,0.10359942,-0.08063144,-0.056011975,-0.16461152,-0.0083485795,-0.08857814,0.1303184,-0.08192356,-0.0041932245,-0.15804407,-0.01391595,-0.098410785,0.13660401,-0.09184825,0.03177812,-0.146105,-0.02995764,-0.11522091,0.11022946,-0.11770953,0.05471436,-0.1261844,-0.053852238
14,-0.12403881,-0.042759933,-0.15528126,-0.21745229,0.024892263,-0.011083776,-0.09749967,0.07809777,-0.09071309,-0.12898834,-0.14888556,-0.017882288,-0.08223909,0.10367213,-0.08051239,-0.05363401,-0.16819738,-0.0094392905,-0.08924387,0.13156848,-0.08091791,-0.0019464083,-0.15948397,-0.0155741805,-0.098800085,0.13771817,-0.09107894,0.033924166,-0.14579475,-0.032898705,-0.1166081,0.107420675,-0.11851738,0.05631631,-0.12280912,-0.059992034
15,-0.12776506,-0.042476896,-0.15993032,-0.22008944,0.024953317,-0.0112379845,-0.10124759,0.080229856,-0.09347535,-0.12732477,-0.15335271,-0.018018676,-0.08548991,0.10435786,-0.08275744,-0.051370535,-0.1706143,-0.0088607175,-0.09262162,0.133491,-0.08260198,0.00032936782,-0.15961634,-0.015642181,-0.10260887,0.13953418,-0.09388861,0.036095254,-0.14378998,-0.033915278,-0.12194629,0.104954205,-0.123012036,0.057988755,-0.11696072,-0.06357185
16,-0.1306379,-0.043262262,-0.16359252,-0.22237606,0.025133464,-0.011619128,-0.10398661,0.08183839,-0.09546367,-0.12572469,-0.15716097,-0.01799902,-0.08771244,0.10514968,-0.08433292,-0.049336366,-0.17233218,-0.007874664,-0.09496263,0.13545705,-0.083679564,0.00227891,-0.15921806,-0.0147829205,-0.10530546,0.14152323,-0.095651224,0.03785628,-0.14150305,-0.03382469,-0.12556416,0.10306617,-0.12564255,0.0593053,-0.111491986,-0.06636621
17,-0.13320069,-0.042762026,-0.16699894,-0.2247007,0.02773153,-0.01307619,-0.10599072,0.08488181,-0.096794635,-0.124280356,-0.15931083,-0.019061806,-0.08881291,0.10708596,-0.08498779,-0.047626007,-0.17286083,-0.008113842,-0.09596861,0.13805524,-0.08401163,0.003792176,-0.1580128,-0.014803894,-0.10693852,0.14391361,-0.097151786,0.039087117,-0.13879953,-0.034147166,-0.12865941,0.101693146,-0.12810074,0.060083117,-0.1063847,-0.06953883
18,-0.1341446,-0.04173496,-0.16856016,-0.22599667,0.028418623,-0.015035608,-0.106276274,0.087448105,-0.09681387,-0.121838465,-0.16202317,-0.019693019,-0.088697195,0.10880074,-0.084613405,-0.045041498,-0.17349938,-0.0077146664,-0.096065864,0.14039351,-0.083469,0.0061624995,-0.15661316,-0.014236148,-0.107953824,0.14586346,-0.09804232,0.041154955,-0.13541722,-0.033763923,-0.13166042,0.0997929,-0.1304483,0.061633103,-0.099254854,-0.071377076
19,-0.13776837,-0.04070701,-0.17298007,-0.22841631,0.030522494,-0.014879475,-0.10951299,0.090787046,-0.09932343,-0.12102686,-0.16391799,-0.019493138,-0.09085901,0.111093335,-0.08606863,-0.04408098,-0.17394134,-0.0075105154,-0.09754533,0.14343996,-0.084104955,0.0070188222,-0.15588006,-0.0143769635,-0.10937725,0.14881209,-0.099503234,0.041777875,-0.13374075,-0.034440175,-0.13408184,0.09941321,-0.13248736,0.061846588,-0.0960504,-0.0751126
20,-0.13791712,-0.04203045,-0.17371535,-0.23008646,0.026954086,-0.015496493,-0.10968701,0.091571644,-0.09900999,-0.1194043,-0.16913782,-0.019361438,-0.09038401,0.11186468,-0.08494846,-0.04201503,-0.17663833,-0.0072956244,-0.09647583,0.1453819,-0.082092136,0.009346328,-0.15681614,-0.014337062,-0.10831038,0.1508031,-0.09811127,0.043956254,-0.13269965,-0.03487811,-0.1344186,0.098122224,-0.13232237,0.06349403,-0.09104809,-0.078233585
21,-0.1389877,-0.043311432,-0.17536974,-0.23147547,0.026223987,-0.016671877,-0.110477395,0.09290234,-0.099429786,-0.118239895,-0.17275125,-0.019480776,-0.090474434,0.11305855,-0.084572494,-0.04088421,-0.17836572,-0.007145907,-0.09578795,0.1475659,-0.08064889,0.0105099175,-0.1573044,-0.014339715,-0.107065745,0.15313853,-0.09666079,0.04494158,-0.13208257,-0.035576697,-0.13358957,0.09776076,-0.13108583,0.06405953,-0.088421874,-0.08237308
22,-0.14204355,-0.043711215,-0.17898993,-0.23225045,0.028983938,-0.016738499,-0.11282366,0.095119625,-0.101461515,-0.1166988,-0.17308475,-0.018283792,-0.0921356,0.114772104,-0.085663505,-0.039785627,-0.17703106,-0.0057075056,-0.09665511,0.150017,-0.080512926,0.011310435,-0.15496558,-0.013238258,-0.107159354,0.15555535,-0.096178606,0.045407385,-0.12900239,-0.035323847,-0.13336146,0.097545385,-0.13008203,0.06413567,-0.084110804,-0.08574164
23,-0.14329463,-0.043874227,-0.1808051,-0.23317948,0.030008204,-0.017661467,-0.11349162,0.09670635,-0.101751454,-0.11500559,-0.1749063,-0.018350955,-0.09206492,0.11564418,-0.08503771,-0.03813541,-0.17725445,-0.005721213,-0.09596554,0.15151034,-0.07901804,0.012932533,-0.15403968,-0.013409272,-0.10637325,0.15706573,-0.09518321,0.046764422,-0.1267484,-0.03595508,-0.1336204,0.096681066,-0.12981363,0.06501692,-0.07918028,-0.08912534
24,-0.14438625,-0.043808144,-0.18250991,-0.23507673,0.029228507,-0.018119754,-0.11440965,0.09817912,-0.102086544,-0.113974,-0.17781751,-0.018744899,-0.09203319,0.11648746,-0.08423927,-0.03669446,-0.17838432,-0.0066918144,-0.095153585,0.15312144,-0.077484205,0.014686574,-0.15409437,-0.014539411,-0.10585147,0.15882389,-0.09487148,0.04834406,-0.12519927,-0.03736445,-0.13510807,0.096074976,-0.13100185,0.066100284,-0.07429365,-0.09298505
25,-0.14620686,-0.04433036,-0.18476865,-0.23616172,0.028482065,-0.017654696,-0.11601296,0.09918054,-0.103400424,-0.11262887,-0.18002415,-0.017506568,-0.093224905,0.11716748,-0.0847969,-0.035322294,-0.17860295,-0.005640652,-0.095845096,0.15474765,-0.0771812,0.016143741,-0.15315877,-0.013927732,-0.1064241,0.16064824,-0.09498463,0.04959895,-0.12286913,-0.03764396,-0.13646114,0.09557478,-0.13166873,0.06694714,-0.06916142,-0.09614306
26,-0.14880311,-0.04495659,-0.18784888,-0.23742129,0.030478247,-0.018063765,-0.11817938,0.10086961,-0.10532371,-0.11206732,-0.18088757,-0.017008856,-0.0948506,0.11850192,-0.085957915,-0.03509008,-0.17810152,-0.005131445,-0.0967854,0.15692809,-0.077371806,0.016279109,-0.152039,-0.013672787,-0.106775075,0.16326322,-0.095031165,0.049520407,-0.1212849,-0.038467523,-0.13668238,0.09636711,-0.13128294,0.0666121,-0.06697995,-0.100778624
27,-0.14961955,-0.045234207,-0.18896407,-0.23796305,0.0302015,-0.01920859,-0.11861601,0.101614594,-0.10580119,-0.110500276,-0.18306415,-0.01658798,-0.09539436,0.11886511,-0.08613292,-0.03375869,-0.17840746,-0.004405426,-0.09727119,0.15829468,-0.076936364,0.017615011,-0.15109256,-0.0132192215,-0.10732691,0.16509923,-0.09486535,0.050678786,-0.11889142,-0.039136,-0.13787216,0.09621861,-0.13153781,0.067423984,-0.061778672,-0.10462334
28,-0.15099578,-0.046009164,-0.19077061,-0.23932074,0.029468026,-0.019356621,-0.119902715,0.10212959,-0.10680069,-0.10959756,-0.18542227,-0.016113643,-0.09634072,0.11911904,-0.08652856,-0.032762736,-0.17898624,-0.0040000305,-0.09790315,0.15959834,-0.07660848,0.018767482,-0.15062508,-0.013038416,-0.10795144,0.16706312,-0.09481041,0.051668487,-0.1170426,-0.04012936,-0.13913234,0.096321024,-0.1319184,0.06807284,-0.057394702,-0.108917296
29,-0.15075086,-0.045969255,-0.19095065,-0.24075621,0.028328484,-0.020354457,-0.11950624,0.102721214,-0.10606326,-0.108426444,-0.18759322,-0.016865222,-0.09542483,0.11920056,-0.085074976,-0.031142391,-0.17935455,-0.005015831,-0.09679347,0.16033025,-0.07482904,0.020721259,-0.14981817,-0.0138511,-0.10763937,0.16827495,-0.094076924,0.053439938,-0.114238076,-0.04153031,-0.14075962,0.09574681,-0.13270497,0.06941048,-0.050784297,-0.11256194
30,-0.15220505,-0.045421172,-0.19279695,-0.24209225,0.029530436,-0.020675479,-0.1205789,0.10410981,-0.10690056,-0.1074502,-0.18756896,-0.0166647,-0.09607708,0.1200614,-0.085182734,-0.03012219,-0.17760487,-0.0050369874,-0.09722811,0.16184464,-0.074498944,0.021809326,-0.14716125,-0.013719741,-0.10862234,0.17031229,-0.09438234,0.054247893,-0.1102024,-0.04225362,-0.14284037,0.095942624,-0.1336748,0.069898464,-0.044534665,-0.11595591
31,-0.15507403,-0.045941968,-0.19608684,-0.24382724,0.030682422,-0.01948047,-0.123371325,0.10508643,-0.10939136,-0.107403696,-0.1875157,-0.015260121,-0.09842244,0.12079227,-0.08702255,-0.03015214,-0.17604394,-0.0038289814,-0.09923596,0.16340949,-0.07561029,0.021787949,-0.14508815,-0.012622272,-0.11048658,0.17262328,-0.09527016,0.053989876,-0.10759546,-0.04252978,-0.144458,0.09675918,-0.13423257,0.06947247,-0.041673556,-0.1192734
32,-0.15394178,-0.04586649,-0.19527513,-0.24518524,0.028587464,-0.021214414,-0.12228364,0.105160646,-0.10820192,-0.1065833,-0.19039518,-0.016369473,-0.0972137,0.12034466,-0.08551115,-0.028993202,-0.17704318,-0.004944399,-0.09809994,0.16369283,-0.0739265,0.023342522,-0.1448584,-0.013357549,-0.11018445,0.17367122,-0.09427094,0.05543325,-0.105440386,-0.044055365,-0.14573863,0.096461624,-0.13456851,0.07057018,-0.036328044,-0.12285323
33,-0.15506832,-0.044296425,-0.19670518,-0.24707013,0.028492097,-0.021008236,-0.12333061,0.10643249,-0.10915308,-0.10621587,-0.19092514,-0.015866973,-0.09811104,0.12077195,-0.08598729,-0.028440546,-0.17594151,-0.004796136,-0.09906814,0.1646363,-0.07423855,0.024104672,-0.1429687,-0.013175905,-0.112048075,0.17524683,-0.09548456,0.055999756,-0.10224805,-0.044788063,-0.14907481,0.09653608,-0.13688058,0.07089321,-0.03137934,-0.12538788
34,-0.15756832,-0.044033483,-0.19957547,-0.24927104,0.02916072,-0.019968329,-0.12589948,0.10758189,-0.111569814,-0.106979616,-0.19112776,-0.014757128,-0.100296564,0.12142435,-0.08791866,-0.029281281,-0.17487791,-0.003919045,-0.10100197,0.16586547,-0.07570458,0.02333736,-0.1417259,-0.012302702,-0.11404272,0.17723005,-0.096998096,0.05504695,-0.10103492,-0.045184232,-0.15110958,0.09740658,-0.13827401,0.06987997,-0.03129233,-0.1281288
35,-0.15700744,-0.043655492,-0.19930167,-0.2508804,0.025953524,-0.020293355,-0.12570333,0.10743289,-0.11142652,-0.106890336,-0.19355367,-0.014565065,-0.10005978,0.12084271,-0.08755609,-0.028883617,-0.17485508,-0.003994911,-0.10083992,0.1659296,-0.07531444,0.024235254,-0.1405834,-0.0119819585,-0.11490339,0.17787232,-0.09737305,0.055825025,-0.098309696,-0.045710396,-0.15349463,0.096877426,-0.13995314,0.07042654,-0.026513137,-0.12972374
36,-0.15603317,-0.044086494,-0.19861177,-0.25161842,0.025086438,-0.022604719,-0.124707274,0.10720973,-0.11064098,-0.10643027,-0.1949084,-0.015428884,-0.09918077,0.120112695,-0.08670296,-0.028612904,-0.1739377,-0.004491733,-0.100074425,0.16576788,-0.074249074,0.024736498,-0.1386556,-0.011739446,-0.11472317,0.17843567,-0.0962117,0.056126922,-0.095195144,-0.046491932,-0.1538201,0.096559316,-0.13929771,0.07052204,-0.022373918,-0.13229421
37,-0.15616503,-0.044628266,-0.19901821,-0.2525308,0.025380509,-0.023515075,-0.12469661,0.10738271,-0.11068317,-0.105994895,-0.19465536,-0.015459238,-0.09905934,0.12001993,-0.08653458,-0.028277092,-0.1718244,-0.00417966,-0.100066565,0.16599783,-0.0738596,0.025124196,-0.13584796,-0.010736774,-0.11524875,0.17919332,-0.095687166,0.05623958,-0.09154729,-0.0462725,-0.1545428,0.0963765,-0.13899536,0.07044496,-0.0183845,-0.13324678
38,-0.15791354,-0.044167597,-0.20122029,-0.25533417,0.026457874,-0.023112707,-0.12650746,0.10882034,-0.11226897,-0.10735154,-0.19449197,-0.015563579,-0.10013925,0.12092786,-0.08766579,-0.029500388,-0.17082241,-0.0043220962,-0.10103265,0.16694044,-0.07496571,0.02398953,-0.13510054,-0.010337894,-0.116818585,0.18062474,-0.09749073,0.05491923,-0.091377236,-0.046404928,-0.15693848,0.09697057,-0.14125536,0.06909293,-0.020253805,-0.13419162
39,-0.15720485,-0.043286204,-0.20070991,-0.25745142,0.02322147,-0.023085713,-0.12601475,0.10905174,-0.11204621,-0.107199416,-0.19687633,-0.015034841,-0.09985003,0.1206725,-0.087666675,-0.028895428,-0.17160606,-0.0033371781,-0.10156687,0.16664407,-0.07544087,0.024850275,-0.13525467,-0.009071634,-0.118927345,0.18051396,-0.09925176,0.05566852,-0.0904879,-0.04580661,-0.1608813,0.095380604,-0.1446097,0.069591366,-0.018054169,-0.1333174
40,-0.15656877,-0.04237649,-0.20045859,-0.25969627,0.023565091,-0.024461063,-0.12513664,0.11041178,-0.111180045,-0.10770521,-0.19727191,-0.016454123,-0.09831695,0.12124334,-0.08648232,-0.029112382,-0.17112407,-0.0044605127,-0.10017744,0.16661346,-0.07460249,0.024779411,-0.1348163,-0.009281873,-0.11878348,0.18045397,-0.09959555,0.055396743,-0.09001349,-0.04622168,-0.16252358,0.094311625,-0.1461974,0.06912922,-0.018334622,-0.13392183
41,-0.15666416,-0.0433006,-0.20090395,-0.2609338,0.022577325,-0.024662934,-0.12533039,0.11036926,-0.11127423,-0.10766008,-0.19835329,-0.016343748,-0.098192096,0.12114176,-0.08633882,-0.028988468,-0.17084514,-0.0039949417,-0.10007088,0.16677298,-0.074116044,0.024972117,-0.13421884,-0.008443809,-0.118880376,0.18112727,-0.0989305,0.055398438,-0.0890029,-0.046318974,-0.16265017,0.09404364,-0.14573127,0.068926096,-0.017396133,-0.13523245
42,-0.1558139,-0.04433239,-0.20036167,-0.26204693,0.020157726,-0.025061138,-0.12470054,0.109925345,-0.11061971,-0.107339956,-0.20022377,-0.016344365,-0.09736189,0.12073354,-0.08552431,-0.02840126,-0.17108952,-0.003648142,-0.0993667,0.16659354,-0.0730655,0.02576354,-0.13392384,-0.0076833894,-0.1186095,0.18132964,-0.09784469,0.05604389,-0.08779477,-0.046465445,-0.16273618,0.0931822,-0.14516203,0.0692992,-0.015190892,-0.13641766
43,-0.15752302,-0.045139804,-0.20251168,-0.26361793,0.021857021,-0.024548955,-0.12631023,0.11062543,-0.11195908,-0.10807523,-0.19940548,-0.016017793,-0.09821025,0.121181756,-0.086263895,-0.02924955,-0.16958101,-0.0032178916,-0.0997854,0.16704884,-0.07317396,0.024824688,-0.13282917,-0.006915351,-0.118685886,0.18228082,-0.09739444,0.054853506,-0.087448575,-0.0467384,-0.16218615,0.09347011,-0.14431179,0.06801777,-0.017064119,-0.1383307
44,-0.15812518,-0.043749474,-0.2033664,-0.26536724,0.02194018,-0.02402101,-0.12668337,0.111908615,-0.11233006,-0.10794758,-0.19871187,-0.015502213,-0.09817678,0.121674344,-0.08614942,-0.02890375,-0.16771223,-0.0029712706,-0.09981239,0.16714354,-0.073154666,0.025267381,-0.13088357,-0.006124483,-0.119887605,0.18249059,-0.098425,0.054998852,-0.08504696,-0.04602489,-0.16493657,0.092682205,-0.14651003,0.06793141,-0.014629675,-0.13736412
45,-0.15811664,-0.04391244,-0.20376277,-0.26738358,0.020270495,-0.024145259,-0.12695178,0.11225028,-0.11237572,-0.10842155,-0.20047066,-0.015861101,-0.09789407,0.12179159,-0.085734256,-0.02903347,-0.1683165,-0.0034218337,-0.09934603,0.16745129,-0.07243812,0.025400875,-0.13141017,-0.006215501,-0.11978504,0.18340625,-0.09803913,0.055029716,-0.085147016,-0.046809416,-0.16560657,0.09278709,-0.14685005,0.06774661,-0.01453007,-0.1391963
46,-0.15741014,-0.044370107,-0.20337331,-0.26817024,0.01948941,-0.02513864,-0.12619932,0.11224488,-0.11152701,-0.107748844,-0.20114376,-0.016352722,-0.096854635,0.12153139,-0.08449981,-0.028250337,-0.16746804,-0.0038222412,-0.098236255,0.16733702,-0.07087708,0.026320837,-0.13009456,-0.0059430683,-0.119145334,0.18381724,-0.096432015,0.05570866,-0.08280938,-0.046962634,-0.16541834,0.09249368,-0.14578673,0.06811627,-0.011244716,-0.14014621
47,-0.15816475,-0.043771144,-0.20444189,-0.2694496,0.020685248,-0.025591858,-0.1267563,0.11301725,-0.11206454,-0.10788572,-0.2010141,-0.016455589,-0.097179174,0.121475,-0.08482548,-0.028520254,-0.16656771,-0.0037473997,-0.09867011,0.167177,-0.071119055,0.026040144,-0.12930417,-0.005346126,-0.120148994,0.18414198,-0.09687362,0.055215683,-0.08218104,-0.046808723,-0.16680565,0.09229219,-0.14663059,0.067482784,-0.011573084,-0.14042224
48,-0.15770413,-0.04371686,-0.20424764,-0.2707029,0.018810837,-0.026120313,-0.12652855,0.11267954,-0.11192079,-0.10772575,-0.20321012,-0.01646553,-0.09711039,0.12066232,-0.08485686,-0.02819078,-0.16759022,-0.003337081,-0.09912989,0.16651079,-0.07125295,0.026555253,-0.1300028,-0.004580365,-0.1214586,0.18406303,-0.097270064,0.055665776,-0.08221491,-0.046740282,-0.16868457,0.09153469,-0.14777443,0.067719996,-0.01082027,-0.14065056
49,-0.15828404,-0.043863945,-0.2052175,-0.2718807,0.01953347,-0.026165903,-0.12704782,0.1132984,-0.112203896,-0.10787316,-0.20279963,-0.016658243,-0.097045526,0.12098703,-0.084652886,-0.028306032,-0.16622736,-0.0035947752,-0.09885353,0.16677572,-0.07078635,0.026462115,-0.12879756,-0.004233723,-0.121524625,0.18463445,-0.09690564,0.055334516,-0.08112408,-0.04664252,-0.16902907,0.091556355,-0.14765418,0.06721772,-0.010552502,-0.14109395
50,-0.1595077,-0.043700542,-0.20683601,-0.2733908,0.020335311,-0.025603395,-0.12826662,0.11406982,-0.1131964,-0.10835937,-0.20246813,-0.01636948,-0.0977187,0.12138216,-0.08522491,-0.028800491,-0.16517836,-0.0033262628,-0.09939953,0.16710152,-0.071112044,0.025943821,-0.12812783,-0.003567706,-0.12237538,0.1853028,-0.09739092,0.054610167,-0.080994755,-0.046439014,-0.17010169,0.0915613,-0.14838773,0.06637308,-0.01176733,-0.14136934
51,-0.15818536,-0.043423943,-0.20586279,-0.27463397,0.017449047,-0.02611723,-0.12725362,0.1140079,-0.11211561,-0.108048834,-0.20471233,-0.016840192,-0.09645271,0.121222995,-0.08395866,-0.028081656,-0.16592103,-0.0037721042,-0.098289475,0.16698176,-0.06992533,0.026960615,-0.12851693,-0.0034715203,-0.12226456,0.18534215,-0.09700115,0.05552398,-0.080407545,-0.046562742,-0.17138918,0.09062011,-0.14923458,0.06696964,-0.009886893,-0.14143808
52,-0.1585855,-0.043558784,-0.2065864,-0.2751593,0.018620228,-0.026709674,-0.12740506,0.114511155,-0.11226909,-0.10793685,-0.20429008,-0.016866038,-0.09632067,0.121363066,-0.08382149,-0.028257338,-0.1646783,-0.0035480505,-0.09804887,0.16699183,-0.06945946,0.026682818,-0.12753673,-0.002791177,-0.1221638,0.18555638,-0.096333824,0.05501142,-0.07988961,-0.046488855,-0.171167,0.09011467,-0.14859566,0.066295005,-0.010645736,-0.1421494
53,-0.15950052,-0.044490542,-0.20779519,-0.27605566,0.017616032,-0.026251739,-0.12857199,0.11431292,-0.113452874,-0.1082486,-0.20547345,-0.01587888,-0.0974713,0.12128689,-0.08486257,-0.028788341,-0.164805,-0.0024097003,-0.09913793,0.16731158,-0.06995877,0.026157273,-0.12790416,-0.0016963898,-0.12300806,0.18647665,-0.096377656,0.05439613,-0.08073309,-0.04636138,-0.1713964,0.0902764,-0.14836475,0.06557864,-0.012383319,-0.14323843
54,-0.15967967,-0.044682167,-0.20836681,-0.27689868,0.017885314,-0.02592652,-0.12866092,0.11508562,-0.1132017,-0.10806568,-0.20405377,-0.016027754,-0.096653774,0.12217078,-0.08366649,-0.028419467,-0.16201021,-0.0032302483,-0.09765698,0.16797887,-0.06836739,0.026599383,-0.12528995,-0.0017519026,-0.12193431,0.18695629,-0.09523723,0.05448444,-0.07796078,-0.046058316,-0.17113025,0.09011958,-0.14770651,0.065408126,-0.010000539,-0.14311609
55,-0.15858132,-0.044655725,-0.20758319,-0.27819386,0.015176845,-0.026585763,-0.12793037,0.11470491,-0.112446636,-0.10806475,-0.20664823,-0.01657069,-0.09580474,0.12155429,-0.08284331,-0.02805839,-0.16340072,-0.0036546886,-0.097013466,0.16742855,-0.067573205,0.027260846,-0.12649228,-0.0017381365,-0.12206292,0.18678321,-0.0948493,0.055141266,-0.078413054,-0.046622418,-0.17215338,0.0892735,-0.14827935,0.06581272,-0.009369326,-0.14403103
56,-0.15891911,-0.043506548,-0.20816799,-0.2795635,0.014935445,-0.027070636,-0.1282354,0.11557174,-0.112912305,-0.10842465,-0.20732886,-0.016584272,-0.09605665,0.12172148,-0.08315543,-0.028511167,-0.16324173,-0.0037453217,-0.09737311,0.16739868,-0.06796821,0.026907697,-0.12666011,-0.0014378922,-0.12325195,0.18697065,-0.09603394,0.054676283,-0.07892338,-0.04645932,-0.17439072,0.08885709,-0.1502285,0.06522685,-0.010590285,-0.14387244
57,-0.15875101,-0.043137275,-0.2083035,-0.28043073,0.014347446,-0.027559858,-0.12809023,0.1156778,-0.11276158,-0.10819137,-0.20831901,-0.016693735,-0.095810205,0.12130316,-0.08288129,-0.028271507,-0.16329193,-0.0036735632,-0.09728548,0.16690728,-0.06759909,0.027223926,-0.12676342,-0.0009564494,-0.12377391,0.18685395,-0.0958395,0.0548647,-0.0787883,-0.046565317,-0.17535622,0.088096805,-0.15062001,0.06518741,-0.010347345,-0.14439309
58,-0.15859523,-0.044284992,-0.2084383,-0.28039345,0.014756397,-0.02803363,-0.12779213,0.11546934,-0.11233191,-0.107485145,-0.20767565,-0.016737673,-0.095207185,0.12111305,-0.08199598,-0.027671179,-0.16135415,-0.0037710546,-0.09639831,0.16676864,-0.06617958,0.027822938,-0.12477539,-0.0004311516,-0.12291722,0.18694136,-0.09381873,0.055182796,-0.076463595,-0.04627074,-0.17403348,0.087830804,-0.1484601,0.06524374,-0.008034289,-0.1447872
59,-0.15802501,-0.043893024,-0.2082967,-0.2818316,0.012658995,-0.028430212,-0.12757568,0.11586961,-0.11189684,-0.10771032,-0.20930319,-0.017376319,-0.094460346,0.12134491,-0.080997564,-0.027585959,-0.16148892,-0.0048911376,-0.095308214,0.16716304,-0.06489464,0.028228624,-0.12486853,-0.0010771307,-0.12237754,0.18770412,-0.09314125,0.05546889,-0.07595003,-0.04701878,-0.17467567,0.0880754,-0.14874485,0.065265566,-0.0069709728,-0.14595874
60,-0.15969487,-0.04349693,-0.21038295,-0.2820497,0.014450335,-0.027350238,-0.12895873,0.11636366,-0.11312309,-0.10726564,-0.20774366,-0.015982896,-0.09542935,0.12108195,-0.08172899,-0.027513247,-0.15886499,-0.0035083597,-0.09604512,0.16664807,-0.065054275,0.0280648,-0.12254097,0.00071269536,-0.12320032,0.18770501,-0.092622995,0.054863505,-0.07403502,-0.04614133,-0.17471161,0.08766087,-0.14797492,0.06443789,-0.0066424473,-0.14579014
61,-0.16047469,-0.042879988,-0.21156897,-0.28367296,0.013873483,-0.02766238,-0.12995897,0.116844505,-0.114074446,-0.10818739,-0.20945051,-0.016097067,-0.09615675,0.120929666,-0.08238989,-0.028555857,-0.15974359,-0.00372937,-0.09660256,0.16665433,-0.065381564,0.027168691,-0.12384915,0.0007459596,-0.12393276,0.18847203,-0.093008064,0.05392822,-0.07590943,-0.04680179,-0.1757103,0.08817727,-0.14875025,0.06340497,-0.009514908,-0.14727429
62,-0.15909465,-0.041411366,-0.21037288,-0.2849557,0.009593777,-0.02756767,-0.1289791,0.116543464,-0.113302864,-0.107443586,-0.21255511,-0.01560458,-0.09553315,0.11997586,-0.08183928,-0.027319327,-0.16154277,-0.0030848002,-0.096670404,0.16548942,-0.06523699,0.028696528,-0.12520935,0.0016680112,-0.1255956,0.1877199,-0.09387341,0.05542834,-0.075723186,-0.046415966,-0.17908616,0.08655309,-0.15136413,0.06453939,-0.0069743227,-0.14610523
63,-0.16145186,-0.040831305,-0.21316162,-0.28657946,0.012527477,-0.026841532,-0.13109362,0.11786135,-0.11511865,-0.10858893,-0.21052188,-0.015444717,-0.096802406,0.12069277,-0.08289559,-0.028664267,-0.15897901,-0.0033660042,-0.09741272,0.16594675,-0.06587995,0.027265962,-0.12351994,0.0019744993,-0.12644772,0.18846133,-0.09453337,0.053685877,-0.07547664,-0.0462538,-0.17990528,0.08724687,-0.15199164,0.0627768,-0.009537094,-0.14634335
64,-0.16149268,-0.041292865,-0.2135508,-0.28611198,0.014458984,-0.027138343,-0.13072757,0.11767247,-0.11446316,-0.10745319,-0.20829444,-0.015611856,-0.09587618,0.12020309,-0.08157779,-0.027616384,-0.15538943,-0.0036793486,-0.09608342,0.16525948,-0.06398446,0.028191254,-0.11974019,0.0025153947,-0.12529425,0.18803632,-0.09185056,0.05410194,-0.07103398,-0.046110068,-0.17822309,0.08679913,-0.14932363,0.06286228,-0.0054587782,-0.14669386
65,-0.16146544,-0.041514933,-0.21392003,-0.28756058,0.012220686,-0.027404547,-0.13123302,0.11702806,-0.114906505,-0.10837461,-0.21105763,-0.015836349,-0.09617223,0.11948109,-0.08189765,-0.028408837,-0.15708704,-0.0037870654,-0.09631473,0.16487497,-0.06398257,0.027598603,-0.12156115,0.002555538,-0.1255486,0.18851796,-0.09156415,0.05352784,-0.07291966,-0.047315348,-0.17838794,0.08706432,-0.14932856,0.062196188,-0.007557202,-0.14905939
66,-0.16073723,-0.04037493,-0.21342084,-0.2882446,0.009579503,-0.02779976,-0.1307902,0.11645952,-0.11478335,-0.10801569,-0.2133101,-0.015381956,-0.09617124,0.11837961,-0.08205701,-0.027996907,-0.15774047,-0.0031398267,-0.096879125,0.16375533,-0.0644286,0.02817939,-0.12188926,0.0035560543,-0.12739216,0.18787564,-0.09261079,0.05397958,-0.072493084,-0.046822764,-0.18124108,0.08599393,-0.15148287,0.062429085,-0.006314247,-0.14804348
67,-0.1618116,-0.040520497,-0.21489237,-0.2897269,0.009420659,-0.027587319,-0.1321252,0.11682793,-0.11595337,-0.109243736,-0.21354842,-0.015454727,-0.09695289,0.118875094,-0.08265216,-0.029246965,-0.15688972,-0.0037325416,-0.097162865,0.16446586,-0.06457723,0.027068546,-0.12158594,0.0032997243,-0.1276597,0.18893807,-0.092867866,0.05273107,-0.073060974,-0.047112193,-0.18171918,0.08709404,-0.15187766,0.0611501,-0.008337465,-0.14878768
68,-0.16163914,-0.04133319,-0.21503522,-0.28938717,0.009520595,-0.027328115,-0.13179336,0.116556756,-0.115415856,-0.10796872,-0.21188672,-0.015019614,-0.096220955,0.11874796,-0.08148232,-0.02794539,-0.15350156,-0.003670016,-0.09606987,0.164201,-0.062871896,0.028317386,-0.1179973,0.004116053,-0.12696825,0.18880641,-0.09075575,0.053493813,-0.06863794,-0.04621559,-0.18093622,0.086837016,-0.14999379,0.06153782,-0.0037773547,-0.14780842
69,-0.16092725,-0.042263836,-0.21475849,-0.29116896,0.0067870263,-0.0281217,-0.13161351,0.11636153,-0.1151381,-0.10907898,-0.21441635,-0.015977731,-0.095511645,0.11898747,-0.080723576,-0.028767172,-0.15478483,-0.0048490567,-0.094910316,0.16470833,-0.061635114,0.027784418,-0.119562685,0.003336022,-0.12573369,0.18980318,-0.08946597,0.05298127,-0.070292436,-0.047511935,-0.18007787,0.087666996,-0.14910847,0.060883366,-0.005502084,-0.15008272
70,-0.15935636,-0.04129604,-0.21333665,-0.2916485,0.004828546,-0.029458432,-0.1299522,0.11637247,-0.113930374,-0.10831987,-0.2157071,-0.016264863,-0.09420935,0.118364185,-0.079663575,-0.027948821,-0.15460007,-0.004957214,-0.09405807,0.16357212,-0.06096763,0.028731193,-0.119141094,0.004037149,-0.12641156,0.18856524,-0.08956994,0.053735554,-0.06906338,-0.04668852,-0.1821398,0.0860429,-0.15044782,0.061342373,-0.0034289397,-0.14823067
71,-0.16152625,-0.04053596,-0.21580742,-0.29279694,0.0065688407,-0.02855753,-0.13194284,0.11747871,-0.11595118,-0.10914851,-0.21432577,-0.015172493,-0.09591357,0.11886275,-0.08122578,-0.029206801,-0.15246233,-0.0042127008,-0.09546457,0.16389003,-0.062133666,0.027348828,-0.11775594,0.0050337217,-0.12798692,0.1892897,-0.09072145,0.05206818,-0.06911565,-0.04593605,-0.1836088,0.08668486,-0.15158434,0.05965863,-0.0058643757,-0.14762133
72,-0.16080856,-0.040896643,-0.21544614,-0.29335374,0.0043453705,-0.028893916,-0.13156736,0.11694715,-0.11540195,-0.10888997,-0.21583359,-0.015421079,-0.09523912,0.118477255,-0.08022441,-0.028759085,-0.15244405,-0.004767586,-0.09442033,0.16383642,-0.06055109,0.028000595,-0.11754774,0.0048084003,-0.1269909,0.18983869,-0.08878808,0.05256687,-0.06806304,-0.04671565,-0.18272512,0.08710213,-0.15012877,0.05985747,-0.0040951865,-0.14907864
73,-0.15840468,-0.03939227,-0.21348923,-0.29424393,0.00013750256,-0.030529091,-0.12967862,0.115458876,-0.113383025,-0.10836761,-0.22035152,-0.016970672,-0.09319488,0.11616017,-0.078102656,-0.027562678,-0.1551023,-0.006249945,-0.0924631,0.16188987,-0.058336202,0.029686196,-0.119162,0.004021614,-0.125966,0.18914573,-0.086406685,0.05419545,-0.0670735,-0.048946396,-0.1827053,0.08652432,-0.14938928,0.06105365,-0.00076181727,-0.15187469
74,-0.16009833,-0.036999565,-0.21563816,-0.29570574,0.00077721477,-0.02908873,-0.13133101,0.11585725,-0.11499882,-0.109258644,-0.2201979,-0.015848342,-0.09438215,0.115182266,-0.07935422,-0.028460957,-0.15359809,-0.0052952426,-0.09355046,0.16060954,-0.059404414,0.028766045,-0.11763274,0.0054639233,-0.12772614,0.18901452,-0.08716802,0.052798223,-0.06578878,-0.048866928,-0.18442747,0.08682803,-0.15069461,0.059573438,-0.0014054402,-0.1519231
75,-0.16201209,-0.034762956,-0.21796295,-0.29662016,0.005082388,-0.028101312,-0.13235426,0.11754386,-0.1160011,-0.1096262,-0.21637541,-0.015176293,-0.09450571,0.11518023,-0.079665,-0.029137986,-0.14902943,-0.0046205027,-0.09333821,0.15931387,-0.059618797,0.027680378,-0.11358699,0.007338999,-0.12834494,0.18785982,-0.08712854,0.05094861,-0.063025676,-0.047766943,-0.18490522,0.08591924,-0.1508397,0.057606146,-0.002219772,-0.15047437
76,-0.16195351,-0.03480134,-0.2182904,-0.29718342,0.0039619673,-0.028209534,-0.13246939,0.11712116,-0.116061896,-0.110012524,-0.21719384,-0.015142565,-0.09419414,0.11472205,-0.07926092,-0.029528886,-0.14839222,-0.0047569536,-0.09258597,0.15893397,-0.058619834,0.027325183,-0.11294035,0.0075167734,-0.12744094,0.18824503,-0.08549628,0.05030788,-0.06230547,-0.048557125,-0.18363386,0.086541444,-0.14929852,0.056806717,-0.0022771508,-0.15214987
77,-0.15972005,-0.034959715,-0.21626194,-0.29683107,-0.00047339185,-0.029588137,-0.13065885,0.115873456,-0.11455565,-0.10869349,-0.22024895,-0.015172402,-0.09289575,0.11352503,-0.07784921,-0.028137885,-0.14941484,-0.00476068,-0.091423534,0.15796988,-0.056969885,0.028909845,-0.11324855,0.007760123,-0.12695444,0.18801513,-0.08379411,0.0517646,-0.06073941,-0.048890766,-0.18379575,0.08614168,-0.14855944,0.05787818,0.0011716728,-0.1524988
78,-0.16122615,-0.03544758,-0.21810646,-0.29891452,-0.0016177273,-0.029099056,-0.1325583,0.116801895,-0.1164639,-0.11096013,-0.22106692,-0.0149140665,-0.09423171,0.11496927,-0.07906555,-0.030591596,-0.1494176,-0.0052444413,-0.09200766,0.15964492,-0.05753593,0.0265708,-0.11435632,0.007114885,-0.12705873,0.18993503,-0.08476334,0.049420826,-0.063809074,-0.049449965,-0.18444031,0.08811392,-0.14976743,0.055612806,-0.0037554335,-0.15354154
79,-0.15981412,-0.034690376,-0.21684301,-0.29929006,-0.0051241335,-0.02833944,-0.13126573,0.117248654,-0.11531642,-0.10937156,-0.22089568,-0.014064508,-0.092961274,0.11562477,-0.077647984,-0.028587652,-0.14752953,-0.0049437447,-0.09084389,0.15956196,-0.05641964,0.028659312,-0.11219775,0.008023282,-0.12772077,0.18910941,-0.085358724,0.051130656,-0.060171016,-0.047443572,-0.18768471,0.08653424,-0.15235382,0.056864467,0.0011383798,-0.1491341
80,-0.16103788,-0.036942415,-0.21835487,-0.2989744,-0.0030011064,-0.02988494,-0.13236417,0.11714792,-0.116431065,-0.11049742,-0.22026248,-0.014503933,-0.09376998,0.115959495,-0.078112826,-0.030615252,-0.14592032,-0.0056260168,-0.090691864,0.16060863,-0.055493873,0.026503602,-0.111287534,0.0072929184,-0.12584583,0.19092375,-0.0826988,0.04882731,-0.061160374,-0.048783004,-0.18373944,0.08891638,-0.14829622,0.05460714,-0.0024791053,-0.15275039
81,-0.15903871,-0.037138358,-0.21645029,-0.29880786,-0.0074908803,-0.030361118,-0.13075346,0.11561839,-0.11519024,-0.108899646,-0.22272345,-0.01382721,-0.092887685,0.11458504,-0.077245265,-0.028744148,-0.14665784,-0.004622373,-0.090402596,0.15917394,-0.05480053,0.02851742,-0.11140815,0.008695736,-0.12680501,0.18989666,-0.08217957,0.050732926,-0.059442446,-0.047968015,-0.18542582,0.08721588,-0.14890017,0.056113463,0.0013277273,-0.15120843
82,-0.15997565,-0.036085997,-0.21764699,-0.30101055,-0.007213009,-0.030602822,-0.13164967,0.11674106,-0.11616079,-0.110431224,-0.22265331,-0.01439461,-0.09337928,0.11518497,-0.0777632,-0.030236015,-0.14607853,-0.005674304,-0.090676874,0.15944819,-0.05538482,0.027168104,-0.11169723,0.008291724,-0.1278913,0.19000715,-0.08364968,0.04931534,-0.061004683,-0.04780569,-0.18788756,0.087459706,-0.15144639,0.054649435,-0.0015095479,-0.15014839
83,-0.16048051,-0.036875933,-0.21835199,-0.30128145,-0.008391433,-0.029937146,-0.13231,0.11634534,-0.116829075,-0.10997925,-0.22254807,-0.013298087,-0.09412174,0.11504476,-0.07815699,-0.02994269,-0.14479616,-0.0048301704,-0.09127193,0.15939085,-0.055252377,0.027429046,-0.110695235,0.009282404,-0.12865722,0.19041342,-0.08315241,0.04937614,-0.06002574,-0.047018666,-0.18840083,0.08766812,-0.15113586,0.05445591,-0.00067346403,-0.1493219
84,-0.1605216,-0.036186542,-0.21873434,-0.30281302,-0.007956422,-0.03115199,-0.13221541,0.117454015,-0.11656921,-0.11082598,-0.22266014,-0.014893859,-0.09334381,0.115684964,-0.07728853,-0.030753773,-0.14438891,-0.006745954,-0.090038545,0.1598183,-0.05415294,0.02671248,-0.11091757,0.008083742,-0.12783869,0.19071728,-0.08252792,0.04858466,-0.06088272,-0.047930297,-0.18864335,0.088022925,-0.15136506,0.05349047,-0.0023357146,-0.15019067
85,-0.15935905,-0.037698545,-0.21767253,-0.30092216,-0.010073556,-0.031438876,-0.13109617,0.11577796,-0.11563029,-0.10827678,-0.22315454,-0.013621619,-0.09290584,0.1142274,-0.07647328,-0.028525755,-0.14312568,-0.0052501787,-0.08973888,0.158506,-0.052741293,0.028838657,-0.109130315,0.009786321,-0.12775049,0.19000635,-0.07996813,0.050424792,-0.057601493,-0.04694984,-0.18745007,0.086876296,-0.14857589,0.05485563,0.0021407243,-0.1496874
86,-0.16157973,-0.03878747,-0.22026533,-0.3030385,-0.009832799,-0.03098055,-0.13365741,0.11602035,-0.11794106,-0.110718034,-0.22405043,-0.01366298,-0.09482473,0.11465232,-0.07804451,-0.031171493,-0.14380774,-0.00582225,-0.09086966,0.15953903,-0.05333109,0.026310239,-0.11096301,0.009116644,-0.12777819,0.19194166,-0.07967631,0.04803507,-0.06144595,-0.048259046,-0.18652645,0.08919154,-0.14782847,0.052534312,-0.003337177,-0.15257981
87,-0.1615981,-0.036357015,-0.22046073,-0.3046294,-0.01201757,-0.028935391,-0.13366953,0.11715354,-0.11779167,-0.10995876,-0.22301756,-0.0127806375,-0.09438164,0.11530378,-0.07738489,-0.029721696,-0.14174941,-0.0057529532,-0.090439074,0.15920463,-0.05313474,0.027886005,-0.10892926,0.010019712,-0.12949266,0.1909162,-0.08140152,0.0492372,-0.05833418,-0.04606933,-0.19115272,0.0877887,-0.15189806,0.053331956,0.00031944533,-0.14746821
88,-0.16203906,-0.03711216,-0.22122435,-0.3046481,-0.010988045,-0.030068068,-0.1338905,0.11732554,-0.11798392,-0.11028301,-0.22251369,-0.013323058,-0.09418867,0.11520941,-0.076955795,-0.030532533,-0.14029992,-0.0063880114,-0.08955972,0.159113,-0.051799152,0.026916135,-0.10789402,0.009852469,-0.12801217,0.19130746,-0.07898793,0.047990944,-0.058135964,-0.04676898,-0.18866913,0.088588186,-0.14900917,0.051921286,-0.0011230947,-0.14941743
89,-0.16019027,-0.038829833,-0.21959649,-0.30413643,-0.015168642,-0.032051817,-0.13263606,0.11465238,-0.11706077,-0.10981283,-0.2269132,-0.013703223,-0.0935799,0.112913236,-0.07629097,-0.030152828,-0.14311953,-0.0061683273,-0.08904476,0.1575107,-0.05049333,0.027428411,-0.1102285,0.010178193,-0.12705809,0.19107512,-0.07604547,0.04859491,-0.059269227,-0.048398916,-0.18624064,0.08844169,-0.14575817,0.05227144,-0.0007608063,-0.1529676
90,-0.16052821,-0.03466089,-0.22015017,-0.30556774,-0.014619856,-0.031307917,-0.13243201,0.116712734,-0.116945714,-0.10947832,-0.22489023,-0.013624817,-0.09291903,0.11329247,-0.07573705,-0.029608615,-0.14034174,-0.006600682,-0.08843263,0.15647736,-0.050657067,0.027925704,-0.10774063,0.010999823,-0.12887402,0.18917787,-0.07823112,0.04857841,-0.056697577,-0.04665364,-0.19101384,0.08639653,-0.15027817,0.05194414,0.00080288853,-0.14849667
91,-0.16220424,-0.03526872,-0.22215743,-0.30639678,-0.0141807385,-0.030782819,-0.13419601,0.117046356,-0.118472174,-0.11064902,-0.2246213,-0.013266912,-0.094075,0.11379418,-0.07653085,-0.031145899,-0.13945448,-0.006626893,-0.08881452,0.15726946,-0.05044426,0.02629504,-0.107587636,0.010928592,-0.12835985,0.19068784,-0.0772012,0.04681741,-0.0579586,-0.047446277,-0.18963875,0.08806416,-0.14891483,0.050122693,-0.0021409662,-0.15053234
92,-0.16117257,-0.035545822,-0.2212457,-0.30511022,-0.017116945,-0.031919446,-0.13347474,0.11549963,-0.11802269,-0.10915379,-0.22728552,-0.012602052,-0.09420067,0.112047836,-0.076302215,-0.030096054,-0.14048031,-0.005802411,-0.089035474,0.1561027,-0.04956419,0.027372098,-0.10813045,0.011598353,-0.12855048,0.19078149,-0.07528073,0.047861736,-0.057264216,-0.047848623,-0.1890321,0.08809709,-0.1471041,0.05083069,-0.0001562977,-0.15179949
93,-0.16112928,-0.03442609,-0.22159846,-0.3076411,-0.018147524,-0.032123864,-0.1334396,0.11725848,-0.11750624,-0.110168576,-0.22680862,-0.014572546,-0.092836425,0.1136401,-0.07466629,-0.03049789,-0.13959584,-0.008732455,-0.086856596,0.15705658,-0.04780038,0.02715663,-0.10802586,0.009613843,-0.12729223,0.19076131,-0.07506256,0.0475398,-0.057368398,-0.048425812,-0.19037145,0.08839859,-0.14872947,0.050212514,-0.0005487506,-0.15104699
94,-0.15922743,-0.034358792,-0.21977134,-0.30636302,-0.02113644,-0.033138912,-0.13150895,0.11576661,-0.11609659,-0.10793565,-0.22858694,-0.013926936,-0.09180759,0.11141115,-0.07373514,-0.028397825,-0.13981761,-0.007526777,-0.08641031,0.15426655,-0.04708436,0.02918001,-0.10771918,0.011632207,-0.12824182,0.18824394,-0.073980376,0.049338996,-0.055439636,-0.04704119,-0.19127229,0.08567923,-0.1481989,0.051562123,0.0028550364,-0.1491438
95,-0.16303216,-0.03422684,-0.22395146,-0.30891258,-0.0190892,-0.03130299,-0.13532622,0.11676556,-0.11959072,-0.11093401,-0.22729997,-0.013115012,-0.094584644,0.11215813,-0.07624664,-0.03165812,-0.13855134,-0.0072255833,-0.0883079,0.15511054,-0.048669748,0.025814803,-0.10779395,0.012040192,-0.12922737,0.19006819,-0.0746594,0.045839198,-0.058366023,-0.04754106,-0.19116974,0.08810507,-0.14837769,0.048181593,-0.003198087,-0.15091528
96,-0.16350637,-0.034794617,-0.22468759,-0.3075238,-0.019694194,-0.030177284,-0.13578612,0.115782574,-0.11983748,-0.109223135,-0.22588947,-0.011533472,-0.09494243,0.111342065,-0.07597861,-0.030264493,-0.13538052,-0.0059906095,-0.08814444,0.15436745,-0.047376253,0.027011018,-0.1043007,0.013472701,-0.12893373,0.19025572,-0.0721336,0.046460707,-0.054005448,-0.046716657,-0.18978237,0.08856051,-0.1456667,0.048369892,0.0004322793,-0.15059409
97,-0.1623818,-0.03219911,-0.22397314,-0.30860046,-0.020153427,-0.03210593,-0.1342822,0.11726444,-0.11831671,-0.109169416,-0.22626454,-0.013517849,-0.09275743,0.111475304,-0.073867284,-0.030204806,-0.13489398,-0.008000103,-0.08555656,0.15364179,-0.045218285,0.02695872,-0.104130946,0.012588454,-0.12751447,0.18915951,-0.070751436,0.046138752,-0.053694945,-0.047404014,-0.19020325,0.08772842,-0.14588925,0.047660388,0.00019516703,-0.1504102
98,-0.16089681,-0.03176147,-0.22269624,-0.30889705,-0.02373859,-0.033407636,-0.13302042,0.11616776,-0.1175321,-0.10854487,-0.22962697,-0.01341465,-0.09210686,0.10961467,-0.07342904,-0.029724667,-0.13725872,-0.007137797,-0.085317984,0.15136793,-0.044827882,0.027304959,-0.10652111,0.014028654,-0.128163,0.18770677,-0.069839366,0.046505075,-0.05541803,-0.04731928,-0.19072753,0.086118005,-0.14555332,0.04771075,-0.00031262683,-0.15039183
99,-0.16133821,-0.032171898,-0.22344594,-0.309792,-0.025819225,-0.03277007,-0.1337912,0.11628317,-0.11809102,-0.109022126,-0.23000082,-0.013175409,-0.09235194,0.1102935,-0.07331547,-0.030202713,-0.13670458,-0.007426191,-0.08492396,0.15199427,-0.043982387,0.02678719,-0.10650763,0.013736656,-0.1275913,0.18843992,-0.06897804,0.045850113,-0.055785455,-0.04746291,-0.19045985,0.087102085,-0.14513317,0.046814915,-0.0010970331,-0.15050592
100,-0.16309391,-0.032675475,-0.22547373,-0.31046617,-0.026336776,-0.03083888,-0.13572161,0.1168187,-0.11958777,-0.109237134,-0.22846147,-0.012010344,-0.0936248,0.11142419,-0.07394914,-0.030586798,-0.13429444,-0.0070969095,-0.0853948,0.15311038,-0.043627433,0.0262734,-0.10465859,0.013828487,-0.12767929,0.18983185,-0.0684433,0.04503207,-0.054539777,-0.047004364,-0.19048001,0.0888252,-0.14473908,0.04576247,-0.0010320899,-0.1500184
